RatID,Group,Drug,IncubationGroup,Squad,Cohort,DataBookOrder,GraphPadOrder,SeekGraphPadOrder,Weight1,Active1,Inactive1,Hits1,Timeout1,TotalActive1,Weight2,Active2,Inactive2,Hits2,Timeout2,TotalActive2,Weight3,Active3,Inactive3,Hits3,Timeout3,TotalActive3,Weight4,Active4,Inactive4,Hits4,Timeout4,TotalActive4,Weight5,Active5,Inactive5,Hits5,Timeout5,TotalActive5,Weight6,Active6,Inactive6,Hits6,Timeout6,TotalActive6,Weight7,Active7,Inactive7,Hits7,Timeout7,TotalActive7,Weight8,Active8,Inactive8,Hits8,Timeout8,TotalActive8,Weight9,Active9,Inactive9,Hits9,Timeout9,TotalActive9,Weight10,Active10,Inactive10,Hits10,Timeout10,TotalActive10,Weight11,Active11,Inactive11,Hits11,Timeout11,TotalActive11,Weight12,Active12,Inactive12,Hits12,Timeout12,TotalActive12,Weight13,Active13,Inactive13,Hits13,Timeout13,TotalActive13,Weight14,Active14,Inactive14,Hits14,Timeout14,TotalActive14,Weight15,Active15,Inactive15,Hits15,Timeout15,TotalActive15,Weight16,Active16,Inactive16,Hits16,Timeout16,TotalActive16,ShTestWeight,ShTestActive,ShTestInactive,ShTestHits,ShTestTimeout,ShTestTotalActive,ShTestB4CueActive,ShTestB4CueInactive,LgTestWeight,LgTestActive,LgTestInactive,LgTestHits,LgTestTimeout,LgTestTotalActive,LgTestB4CueActive,LgTestB4CueInactive,ShActBin1,ShActBin2,ShActBin3,ShActBin4,ShActBin5,ShActBin6,ShActBin7,ShActBin8,ShActBin9,ShActBin10,ShActBin11,ShActBin12,ShActBin13,ShActBin14,ShInActBin1,ShInActBin2,ShInActBin3,ShInActBin4,ShInActBin5,ShInActBin6,ShInActBin7,ShInActBin8,ShInActBin9,ShInActBin10,ShInActBin11,ShInActBin12,ShInActBin13,ShInActBin14,LgActBin1,LgActBin2,LgActBin3,LgActBin4,LgActBin5,LgActBin6,LgActBin7,LgActBin8,LgActBin9,LgActBin10,LgActBin11,LgActBin12,LgActBin13,LgActBin14,LgInActBin1,LgInActBin2,LgInActBin3,LgInActBin4,LgInActBin5,LgInActBin6,LgInActBin7,LgInActBin8,LgInActBin9,LgInActBin10,LgInActBin11,LgInActBin12,LgInActBin13,LgInActBin14,averageInfusion,AvLast5,AverageInactive,GluA1_Cal_Norm,GlurA2_Cal_Norm,mGlur1_Dim_Cal_Norm,mGlur5_Dim_Cal_Norm,mGlur5_Mono_Cal_Norm,GluA1_ICsal_Norm,GlurA2_ICsal_Norm,mGlur1_Dim_ICsal_Norm,mGlur5_Dim_ICsal_Norm,mGlur5_Mono_ICsal_Norm,filter_$,Ratio_GluA1_mGlur1,Ratio_GluA2_mGlur1,Ratio_GluA1_mGlur5,Ratio_GluA2_mGlur5,cum_sh_Act1,cum_sh_Act2,cum_sh_Act3,cum_sh_Act4,cum_sh_Act5,cum_sh_Act6,cum_sh_Act7,cum_sh_Act8,cum_sh_Act9,cum_sh_Act10,cum_sh_Act11,cum_sh_Act12,cum_sh_Act13,cum_sh_Act14,cum_sh_Inact1,cum_sh_Inact2,cum_sh_Inact3,cum_sh_Inact4,cum_sh_Inact5,cum_sh_Inact6,cum_sh_Inact7,cum_sh_Inact8,cum_sh_Inact9,cum_sh_Inact10,cum_sh_Inact11,cum_sh_Inact12,cum_sh_Inact13,cum_sh_Inact14,cum_Lg_Act1,cum_Lg_Act2,cum_Lg_Act3,cum_Lg_Act4,cum_Lg_Act5,cum_Lg_Act6,cum_Lg_Act7,cum_Lg_Act8,cum_Lg_Act9,cum_Lg_Act10,cum_Lg_Act11,cum_Lg_Act12,cum_Lg_Act13,cum_Lg_Act14,cum_Lg_Inact1,cum_Lg_Inact2,cum_Lg_Inact3,cum_Lg_Inact4,cum_Lg_Inact5,cum_Lg_Inact6,cum_Lg_Inact7,cum_Lg_Inact8,cum_Lg_Inact9,cum_Lg_Inact10,cum_Lg_Inact11,cum_Lg_Inact12,cum_Lg_Inact13,cum_Lg_Inact14
33,IC,SAL,Short,1,cohort1,1,25,29,318,32,5,32,37,69,321,21,2,21,12,33,321,9,0,9,1,10,320,20,3,20,12,32,321,12,9,12,3,15,325,6,3,6,4,10,329,5,5,5,4,9,331,12,4,12,3,15,330,11,5,11,3,14,338,13,6,13,7,20,335,20,3,20,9,29,340,9,6,9,0,9,330,3,33,3,4,7,336,10,6,10,7,17,337,10,4,10,9,19,343,5,7,5,0,5,351,7,3,7,1,8,9,3,,,,,,,,,6,3,2,0,0,0,1,0,1,0,1,1,0,2,2,1,0,0,0,0,0,0,0,0,0,0,1,2,,,,,,,,,,,,,,,,,,,,,,,,,,,,,12.38,7.4,6.31,0.65,0.95,0.78,0.97,,1,1.07,1.34,1.15,,Selected,0.83,1.23,0.66,0.98,6,9,11,11,11,11,12,12,13,13,14,15,15,17,2,3,3,3,3,3,3,3,3,3,3,3,4,6,,,,,,,,,,,,,,,,,,,,,,,,,,,,
34,EC,AMP,Short,1,cohort1,2,1,5,343,68,2,68,205,273,338,34,8,34,68,102,340,3,1,3,6,9,344,7,1,7,8,15,345,5,0,5,4,9,350,23,36,23,14,37,348,21,7,21,13,34,352,9,1,9,9,18,353,13,9,13,9,22,355,10,4,10,4,14,356,5,0,5,8,13,358,34,3,34,36,70,360,1,1,1,1,2,363,32,5,32,52,84,348,4,0,4,0,4,359,4,1,4,1,5,366,9,2,9,2,11,0,0,,,,,,,,,0,0,0,0,0,0,0,0,1,4,1,3,0,2,0,0,0,0,0,0,0,0,0,1,0,1,0,0,,,,,,,,,,,,,,,,,,,,,,,,,,,,,17.06,15,4.94,0.36,0.71,0.61,0.69,,0.56,0.8,1.06,0.81,,Selected,0.59,1.15,0.53,1.03,0,0,0,0,0,0,0,0,1,5,6,9,9,11,0,0,0,0,0,0,0,0,0,1,1,2,2,2,,,,,,,,,,,,,,,,,,,,,,,,,,,,
35,IC,SAL,Long,1,cohort1,3,26,25,363,,,,,,364,52,12,52,95,147,370,31,6,31,26,57,372,23,10,23,8,31,372,20,0,20,15,35,381,17,3,17,11,28,383,16,6,16,6,22,387,24,4,24,18,42,388,30,8,30,14,44,398,27,14,27,19,46,401,22,7,22,17,39,401,9,6,9,3,12,395,6,3,6,3,9,397,9,6,9,6,15,402,10,2,10,2,12,408,4,1,4,3,7,413,18,2,18,12,30,8,6,,13,4,13,3,16,17,15,10,0,9,1,7,2,2,2,0,2,0,1,2,0,3,0,0,1,1,1,0,1,0,0,0,0,1,0,11,6,5,4,2,0,0,0,0,0,4,1,0,0,7,6,2,2,0,0,2,0,0,0,0,0,0,0,,7.6,,0.51,0.72,0.81,1.01,,0.79,0.81,1.4,1.19,,Selected,0.63,0.89,0.51,0.72,10,10,19,20,27,29,31,33,33,35,35,36,38,38,3,3,3,4,5,6,6,7,7,7,7,7,8,8,11,17,22,26,28,28,28,28,28,28,32,33,33,33,7,13,15,17,17,17,19,19,19,19,19,19,19,19
37,IC,AMP,Long,1,cohort1,5,17,17,323,50,6,50,62,112,321,40,7,40,38,78,317,30,5,30,21,51,321,27,4,27,8,35,319,34,5,34,20,54,322,31,5,31,22,53,327,34,2,34,30,64,325,29,4,29,10,39,326,31,1,31,18,49,328,28,4,28,10,38,332,28,1,28,16,44,330,25,4,25,15,40,338,22,2,22,18,40,338,25,2,25,10,35,341,26,0,26,20,46,336,24,0,24,6,30,339,21,14,21,8,29,19,5,,19,13,19,4,23,20,8,17,3,13,5,4,2,2,1,0,0,1,0,0,0,3,2,2,0,0,0,1,0,0,0,10,1,0,0,15,5,7,4,3,0,2,1,0,0,0,1,4,1,4,1,2,3,1,0,2,7,0,0,0,0,1,0,30.25,24.4,3.25,0.26,0.64,0.58,0.64,,0.4,0.72,1.01,0.75,,Selected,0.44,1.09,0.41,1,17,20,33,38,42,44,46,47,47,47,48,48,48,48,3,5,7,7,7,7,8,8,8,8,18,19,19,19,15,20,27,31,34,34,36,37,37,37,37,38,42,43,4,5,7,10,11,11,13,20,20,20,20,20,21,21
38,EC,SAL,Long,1,cohort1,6,10,9,310,12,9,12,43,55,309,11,4,11,23,34,316,8,8,8,4,12,319,7,2,7,8,15,324,6,5,6,5,11,328,3,7,3,3,6,326,4,3,4,0,4,329,3,1,3,4,7,328,2,0,2,0,2,326,3,5,3,2,5,332,5,8,5,5,10,337,2,3,2,1,3,340,4,2,4,2,6,342,5,0,5,5,10,350,2,1,2,0,2,348,2,2,2,1,3,352,2,1,2,0,2,0,0,,,,,,,,,0,0,0,0,0,0,0,0,0,0,1,0,0,1,0,0,0,0,0,0,0,0,1,0,0,0,0,0,,,,,,,,,,,,,,,,,,,,,,,,,,,,,4.94,3,3.75,,,,,,,,,,,Selected,,,,,0,0,0,0,0,0,0,0,0,0,1,1,1,2,0,0,0,0,0,0,0,0,1,1,1,1,1,1,,,,,,,,,,,,,,,,,,,,,,,,,,,,
39,IC,AMP,Short,1,cohort1,7,18,21,344,14,0,14,22,36,340,19,0,19,19,38,338,14,0,14,4,18,340,16,2,16,16,32,340,17,0,17,9,26,346,17,0,17,5,22,347,19,0,19,6,25,350,17,0,17,6,23,350,16,0,16,9,25,352,13,0,13,6,19,354,16,0,16,20,36,357,16,0,16,7,23,358,17,0,17,9,26,361,20,1,20,8,28,365,22,2,22,8,30,363,18,0,18,11,29,365,38,5,38,24,62,28,6,,,,,,,,,26,2,22,6,11,1,4,7,1,6,0,3,0,1,3,0,1,4,3,0,0,0,0,0,0,0,0,0,,,,,,,,,,,,,,,,,,,,,,,,,,,,,16.94,18.6,0.31,0.42,0.74,0.77,0.84,,0.65,0.83,1.32,1,,Selected,0.55,0.96,0.5,0.88,26,28,50,56,67,68,72,79,80,86,86,89,89,90,3,3,4,8,11,11,11,11,11,11,11,11,11,11,,,,,,,,,,,,,,,,,,,,,,,,,,,,
40,EC,AMP,Long,1,cohort1,8,2,1,336,29,26,29,84,113,335,22,27,22,28,50,336,19,18,19,8,27,339,18,17,18,12,30,341,15,9,15,7,22,343,15,7,15,5,20,345,22,32,22,17,39,350,19,24,19,13,32,352,19,14,19,12,31,350,15,8,15,16,31,354,15,22,15,6,21,357,17,20,17,7,24,357,22,10,22,19,41,356,24,13,24,15,39,358,19,12,19,15,34,359,20,18,20,16,36,351,28,26,28,32,60,4,18,,9,11,9,4,13,9,8,1,3,6,10,2,2,3,2,9,6,11,1,5,3,3,13,3,5,6,2,3,1,2,0,2,1,3,0,6,3,8,0,2,1,2,0,0,0,0,0,0,0,7,0,2,1,2,2,5,0,0,0,0,0,0,0,19.38,20.4,17.31,0.37,0.84,0.66,0.87,,0.57,0.94,1.13,1.03,,Selected,0.56,1.28,0.42,0.96,1,4,10,20,22,24,27,29,38,44,55,56,61,64,3,16,19,24,30,32,35,36,38,38,40,41,44,44,6,9,17,17,19,20,22,22,22,22,22,22,22,22,7,7,9,10,12,14,19,19,19,19,19,19,19,19
41,IC,SAL,Short,2,cohort1,9,27,30,341,35,9,35,57,92,333,29,14,29,29,58,337,27,6,27,13,40,341,10,5,10,12,22,338,14,6,14,14,28,339,6,4,6,5,11,346,4,7,4,2,6,348,13,4,13,4,17,348,9,4,9,3,12,350,7,2,7,5,12,351,11,7,11,6,17,353,13,2,13,7,20,360,4,1,4,0,4,347,3,2,3,1,4,350,4,6,4,0,4,351,6,5,6,2,8,357,3,0,3,4,7,4,5,,,,,,,,,4,0,6,0,0,0,0,0,0,0,1,0,0,0,4,1,0,0,0,0,0,0,0,0,0,0,0,0,,,,,,,,,,,,,,,,,,,,,,,,,,,,,12.19,6,5.25,0.55,0.94,0.49,0.8,,0.85,1.06,0.84,0.95,,Selected,1.14,1.93,0.69,1.17,4,4,10,10,10,10,10,10,10,10,11,11,11,11,4,5,5,5,5,5,5,5,5,5,5,5,5,5,,,,,,,,,,,,,,,,,,,,,,,,,,,,
42,EC,AMP,Short,2,cohort1,10,3,6,344,52,5,52,281,333,342,37,14,37,145,182,352,25,21,25,57,82,352,20,11,20,25,45,359,24,6,24,30,54,360,24,0,24,30,54,360,28,1,28,40,68,360,27,4,27,28,55,369,23,4,23,39,62,370,25,9,25,68,93,368,3,0,3,2,5,367,23,11,23,36,59,370,20,5,20,31,51,366,18,5,18,15,33,376,21,2,21,38,59,380,22,1,22,50,72,384,27,2,27,11,38,32,9,,,,,,,,,23,9,14,5,3,4,2,3,2,2,1,2,0,0,6,3,1,1,0,0,0,0,0,0,0,0,0,0,,,,,,,,,,,,,,,,,,,,,,,,,,,,,24.5,20.8,6.19,0.54,0.75,0.68,0.82,,0.83,0.85,1.17,0.97,,Selected,0.79,1.11,0.65,0.92,23,32,46,51,54,58,60,63,65,67,68,70,70,70,6,9,10,11,11,11,11,11,11,11,11,11,11,11,,,,,,,,,,,,,,,,,,,,,,,,,,,,
43,IC,SAL,Short,2,cohort1,11,28,31,319,52,36,52,89,141,318,32,26,32,33,65,328,40,23,40,32,72,328,36,21,36,20,56,327,23,18,23,5,28,338,29,9,29,16,45,335,22,8,22,10,32,339,17,8,17,5,22,340,18,4,18,6,24,341,20,5,20,11,31,343,35,6,35,23,58,347,36,9,36,22,58,349,30,2,30,9,39,350,11,0,11,4,15,358,23,3,23,18,41,359,19,9,19,4,23,357,20,6,20,13,33,9,2,,,,,,,,,10,0,6,0,4,3,0,1,11,1,3,0,2,1,2,0,0,0,1,0,0,2,0,1,0,0,0,2,,,,,,,,,,,,,,,,,,,,,,,,,,,,,27.69,23.8,11.69,0.56,0.64,0.73,0.73,,0.87,0.72,1.25,0.86,,Selected,,,,,10,10,16,16,20,23,23,24,35,36,39,39,41,42,2,2,2,2,3,3,3,5,5,6,6,6,6,8,,,,,,,,,,,,,,,,,,,,,,,,,,,,
44,EC,SAL,Short,2,cohort1,12,11,12,337,31,16,31,97,128,340,26,2,26,53,79,347,7,4,7,12,19,348,8,2,8,13,21,349,12,4,12,17,29,357,5,3,5,5,10,360,5,2,5,2,7,362,8,2,8,9,17,360,5,0,5,7,12,359,1,0,1,1,2,356,3,2,3,0,3,355,1,3,1,0,1,351,1,1,1,0,1,352,1,1,1,1,2,358,14,2,14,12,26,363,4,1,4,4,8,364,2,1,2,0,2,7,1,,,,,,,,,7,0,0,0,0,0,0,0,1,1,0,0,0,0,1,0,0,0,0,0,0,0,1,0,0,0,0,0,,,,,,,,,,,,,,,,,,,,,,,,,,,,,8.25,4.2,2.81,0.86,0.86,0.9,1.08,,1.34,0.97,1.56,1.28,,Selected,0.96,0.95,0.8,0.8,7,7,7,7,7,7,7,7,8,9,9,9,9,9,1,1,1,1,1,1,1,1,2,2,2,2,2,2,,,,,,,,,,,,,,,,,,,,,,,,,,,,
45,IC,AMP,Long,2,cohort1,13,19,18,307,28,1,28,34,62,308,24,5,24,18,42,308,15,7,15,7,22,312,14,3,14,2,16,315,13,2,13,4,17,316,16,9,16,4,20,320,11,14,11,2,13,320,12,21,12,3,15,321,18,12,18,5,23,331,18,8,18,6,24,330,17,2,17,3,20,330,16,6,16,9,25,332,18,2,18,1,19,333,18,3,18,4,22,331,15,3,15,4,19,328,15,3,15,5,20,331,28,6,28,8,36,20,6,,20,19,20,2,22,11,13,10,10,9,3,4,2,3,4,2,3,0,2,1,3,2,2,3,1,2,0,0,1,0,0,1,0,0,0,6,5,4,5,3,4,3,0,0,0,2,1,0,0,7,5,2,3,5,2,3,0,0,0,4,0,1,0,16.75,16.4,6.31,0.63,0.53,0.67,0.93,,0.97,0.6,1.15,1.11,,Selected,0.94,0.8,0.67,0.57,10,20,29,32,36,38,41,45,47,50,50,52,53,56,2,4,7,8,10,10,10,11,11,11,12,12,12,12,6,11,15,20,23,27,30,30,30,30,32,33,33,33,7,12,14,17,22,24,27,27,27,27,31,31,32,32
46,EC,SAL,Long,2,cohort1,14,12,10,324,10,1,10,31,41,329,6,8,6,15,21,328,3,4,3,6,9,325,2,1,2,5,7,327,1,1,1,3,4,331,0,0,0,0,0,337,2,2,2,0,2,335,0,0,0,0,0,325,3,1,3,2,5,321,0,0,0,0,0,331,3,0,3,1,4,337,1,0,1,1,2,341,1,0,1,0,1,344,2,2,2,2,4,350,1,1,1,6,7,352,1,0,1,1,2,358,0,0,0,0,0,1,2,,0,0,0,0,0,15,15,1,0,0,0,0,0,0,0,0,0,0,0,0,0,2,0,0,0,0,0,0,0,0,0,0,0,0,0,12,3,0,0,0,0,0,0,0,0,0,0,0,0,9,4,0,0,0,0,0,0,0,0,0,0,0,0,2.25,1.2,1.31,0.52,0.57,0.71,0.93,,0.81,0.64,1.22,1.11,,Selected,0.73,0.8,0.56,0.61,1,1,1,1,1,1,1,1,1,1,1,1,1,1,2,2,2,2,2,2,2,2,2,2,2,2,2,2,12,15,15,15,15,15,15,15,15,15,15,15,15,15,9,13,13,13,13,13,13,13,13,13,13,13,13,13
47,IC,AMP,Short,2,cohort1,15,20,22,309,23,14,23,66,89,304,21,51,21,41,62,309,19,2,19,23,42,310,16,2,16,5,21,311,18,0,18,5,23,310,22,2,22,20,42,312,19,3,19,11,30,313,21,3,21,20,41,314,21,0,21,14,35,315,22,0,22,21,43,316,18,0,18,4,22,316,19,0,19,14,33,319,21,3,21,19,40,320,21,0,21,16,37,320,20,0,20,19,39,320,19,0,19,23,42,326,49,5,49,22,71,28,9,,,,,,,,,22,6,15,6,10,8,4,0,7,1,4,4,4,8,4,2,1,1,0,2,0,0,1,0,1,0,1,1,,,,,,,,,,,,,,,,,,,,,,,,,,,,,20,20,5,0.7,0.44,0.64,1.07,,1.09,0.49,1.1,1.27,,Selected,1.1,0.69,0.66,0.41,22,28,43,49,59,67,71,71,78,79,83,87,91,99,4,6,7,8,8,10,10,10,11,11,12,12,13,14,,,,,,,,,,,,,,,,,,,,,,,,,,,,
48,EC,AMP,Long,2,cohort1,16,4,2,300,18,10,18,39,57,302,16,13,16,31,47,301,14,2,14,19,33,305,13,9,13,28,41,307,10,2,10,6,16,312,10,2,10,7,17,313,10,10,10,7,17,314,10,4,10,0,10,316,21,4,21,6,27,320,11,3,11,4,15,327,9,4,9,5,14,326,16,5,16,7,23,331,17,5,17,8,25,330,14,2,14,6,20,333,16,9,16,1,17,332,2,9,2,2,4,329,19,4,19,10,29,17,2,,5,4,5,5,10,12,10,9,8,6,6,0,2,6,0,2,0,5,0,0,2,2,0,0,0,0,0,0,0,0,0,4,0,0,0,10,2,5,2,0,2,0,0,1,0,0,0,0,0,6,4,0,2,0,0,0,0,2,0,0,0,0,0,12.94,13,5.81,0.69,0.6,0.1,0.88,,1.06,0.67,0.17,1.04,,Selected,6.84,5.93,0.78,0.68,9,17,23,29,29,31,37,37,39,39,44,44,44,46,2,2,2,2,2,2,2,2,2,2,6,6,6,6,10,12,17,19,19,21,21,21,22,22,22,22,22,22,6,10,10,12,12,12,12,12,14,14,14,14,14,14
49,IC,AMP,Long,3,cohort1,17,21,19,384,15,0,15,25,40,389,18,0,18,13,31,385,15,0,15,11,26,393,16,2,16,13,29,392,15,0,15,10,25,393,15,0,15,11,26,400,16,1,16,16,32,396,16,0,16,8,24,401,15,0,15,7,22,399,13,0,13,10,23,399,12,0,12,10,22,402,15,0,15,6,21,403,18,0,18,16,34,402,20,0,20,7,27,405,18,0,18,6,24,401,18,0,18,7,25,406,21,8,21,15,36,33,15,,17,1,17,12,29,13,1,26,7,13,2,6,2,3,9,0,0,0,0,0,1,10,1,2,1,2,0,1,6,0,0,0,0,0,0,8,5,0,6,6,1,0,2,11,1,0,1,1,0,1,0,0,0,0,0,0,0,1,0,0,0,0,0,15.94,17.8,0.19,0.57,0.42,0.5,0.86,,0.89,0.47,0.85,1.02,,Selected,1.16,0.84,0.67,0.49,26,33,46,48,54,56,59,68,68,68,68,68,68,69,10,11,13,14,16,16,17,23,23,23,23,23,23,23,8,13,13,19,25,26,26,28,39,40,40,41,42,42,1,1,1,1,1,1,1,1,2,2,2,2,2,2
50,EC,SAL,Long,3,cohort1,18,13,11,329,14,45,14,6,20,332,10,10,9,6,16,340,12,8,12,7,19,344,7,10,7,6,13,347,4,1,4,2,6,348,7,1,7,9,16,353,0,0,0,0,0,358,1,0,1,0,1,357,8,2,8,3,11,363,1,2,1,0,1,367,2,3,2,0,2,370,0,0,0,0,0,376,4,0,4,2,6,365,0,2,0,0,0,373,0,1,0,0,0,380,2,1,2,1,3,382,0,0,0,0,0,3,2,,3,1,3,1,4,10,5,3,0,0,0,0,0,0,0,0,0,0,0,0,0,2,0,0,0,0,0,0,0,0,0,0,0,0,0,6,4,0,0,0,0,0,0,0,2,2,0,0,0,5,0,0,0,0,0,0,0,0,0,0,1,0,0,4.5,1.2,5.38,0.54,0.69,0.5,0.78,,0.84,0.77,0.86,0.93,,Selected,1.08,1.37,0.69,0.88,3,3,3,3,3,3,3,3,3,3,3,3,3,3,2,2,2,2,2,2,2,2,2,2,2,2,2,2,6,10,10,10,10,10,10,10,10,12,14,14,14,14,5,5,5,5,5,5,5,5,5,5,5,6,6,6
51,IC,AMP,Long,3,cohort1,19,22,20,330,36,2,36,31,67,327,28,3,28,19,47,324,25,5,25,13,38,331,21,5,21,10,31,334,25,2,25,14,39,332,29,3,29,10,39,336,26,1,26,13,39,339,28,4,28,12,40,342,30,2,30,11,41,338,25,4,25,4,29,333,24,0,24,10,34,339,21,1,21,12,33,337,21,1,21,5,26,340,21,2,21,7,28,345,20,2,20,10,30,344,22,0,22,6,28,352,39,7,39,18,57,17,14,,29,1,29,23,52,13,6,9,9,6,9,13,11,3,2,4,1,5,0,2,0,5,1,0,4,2,2,0,2,0,3,2,0,0,0,9,4,7,7,8,7,10,6,1,2,2,2,0,0,2,1,1,0,2,0,0,0,0,1,0,0,0,0,25.13,21,2.31,0.37,0.49,0.37,0.4,,0.57,0.56,0.64,0.48,,Selected,0.98,1.32,0.91,1.23,9,18,24,33,46,57,60,62,66,67,72,72,74,74,5,6,6,10,12,14,14,16,16,19,21,21,21,21,9,13,20,27,35,42,52,58,59,61,63,65,65,65,2,3,4,4,6,6,6,6,6,7,7,7,7,7
52,EC,AMP,Long,3,cohort1,20,5,3,340,17,9,17,31,48,343,16,0,16,30,46,338,13,3,13,13,26,340,33,5,33,35,68,346,24,13,24,21,45,351,20,9,20,17,37,355,19,6,19,10,29,351,17,3,17,8,25,345,19,3,19,14,33,351,22,1,22,20,42,362,15,1,15,26,41,362,21,0,21,19,40,364,20,7,20,10,30,366,20,4,20,15,35,377,20,5,20,16,36,376,15,1,15,8,23,379,38,2,38,16,54,2,2,,32,1,32,15,47,12,4,1,0,9,6,4,10,8,6,0,0,3,7,1,1,1,1,1,0,0,0,0,1,0,0,0,0,0,0,11,2,9,4,8,4,8,2,1,1,2,3,2,2,3,0,1,1,0,0,0,0,0,0,0,0,0,0,19.44,19.2,4.38,0.61,0.67,0.39,0.66,,0.94,0.75,0.67,0.79,,Selected,1.56,1.71,0.91,1.01,1,1,10,16,20,30,38,44,44,44,47,54,55,56,1,2,3,3,3,3,3,4,4,4,4,4,4,4,11,13,22,26,34,38,46,48,49,50,52,55,57,59,3,3,4,5,5,5,5,5,5,5,5,5,5,5
53,IC,SAL,Long,3,cohort1,21,29,26,288,42,19,42,53,95,289,39,5,39,30,69,288,22,15,22,9,31,290,28,6,28,10,38,293,14,4,14,8,22,295,25,7,25,12,37,297,24,5,24,6,30,300,23,3,23,6,29,303,13,2,13,3,16,306,19,3,19,6,25,307,8,7,8,3,11,312,16,6,16,5,21,315,5,2,5,3,8,306,6,1,6,0,6,313,7,0,7,0,7,315,10,3,10,2,12,319,2,2,2,0,2,5,0,,25,4,25,15,40,19,18,5,0,1,1,0,0,0,0,0,0,0,0,0,0,0,0,1,1,0,0,0,0,0,0,0,0,0,0,17,2,19,9,3,1,4,1,3,0,0,0,0,0,7,3,10,0,0,0,2,0,0,0,0,0,0,0,18.81,8.8,5.5,0.35,0.84,0.53,0.71,,0.55,0.94,0.91,0.84,,Selected,0.67,1.58,0.5,1.18,5,5,6,7,7,7,7,7,7,7,7,7,7,7,0,0,1,2,2,2,2,2,2,2,2,2,2,2,17,19,38,47,50,51,55,56,59,59,59,59,59,59,7,10,20,20,20,20,22,22,22,22,22,22,22,22
54,EC,AMP,Short,3,cohort1,22,6,7,334,27,2,27,54,81,335,15,0,15,25,40,337,20,2,20,6,26,339,25,5,25,13,38,348,15,3,15,3,18,353,17,2,17,8,25,354,15,7,15,6,21,359,15,4,15,6,21,358,13,5,13,7,20,355,16,1,16,6,22,360,17,3,17,7,24,372,17,1,17,10,27,374,16,3,16,8,24,380,17,3,17,2,19,380,18,2,18,17,35,385,19,3,19,13,32,390,32,6,32,19,51,18,6,,,,,,,,,13,5,9,9,4,6,6,3,1,3,0,2,5,3,4,0,0,1,0,0,0,0,0,2,0,0,5,0,,,,,,,,,,,,,,,,,,,,,,,,,,,,,17.63,17.4,2.88,0.37,0.8,0.49,0.58,,0.57,0.9,0.84,0.69,,Selected,0.76,1.64,0.64,1.38,13,18,27,36,40,46,52,55,56,59,59,61,66,69,4,4,4,5,5,5,5,5,5,7,7,7,12,12,,,,,,,,,,,,,,,,,,,,,,,,,,,,
55,IC,SAL,Short,3,cohort1,23,30,32,303,27,9,27,42,69,298,28,4,28,20,48,300,30,12,30,18,48,304,19,7,19,7,26,304,33,4,33,8,41,308,14,8,14,2,16,310,13,11,13,5,18,310,14,7,14,8,22,317,20,13,20,6,26,320,12,5,12,4,16,312,7,5,7,5,12,312,12,10,12,1,13,316,15,4,15,6,21,318,6,4,6,0,6,321,8,4,8,1,9,325,7,3,7,2,9,326,5,6,5,2,7,8,10,,,,,,,,,5,3,0,6,0,1,0,0,0,0,0,0,0,0,9,1,1,4,0,1,0,0,0,0,0,0,0,0,,,,,,,,,,,,,,,,,,,,,,,,,,,,,16.56,9.6,6.88,0.66,0.59,0.72,1,,1.03,0.66,1.25,1.18,,Selected,0.92,0.81,0.66,0.59,5,8,8,14,14,15,15,15,15,15,15,15,15,15,9,10,11,15,15,16,16,16,16,16,16,16,16,16,,,,,,,,,,,,,,,,,,,,,,,,,,,,
56,EC,SAL,Short,3,cohort1,24,14,13,380,30,29,30,80,110,384,17,24,17,39,56,390,4,2,4,10,14,392,2,3,2,7,9,395,5,2,5,4,9,401,3,1,3,3,6,403,3,6,3,1,4,403,3,7,3,0,3,403,1,3,1,2,3,409,1,2,1,2,3,389,0,0,0,0,0,387,1,1,1,0,1,391,2,11,2,2,4,397,0,3,0,0,0,395,1,0,1,1,2,405,2,0,2,2,4,412,5,3,3,2,7,3,7,,,,,,,,,3,1,0,0,0,0,0,0,0,0,0,0,5,1,5,0,0,0,0,0,0,0,0,0,0,0,3,2,,,,,,,,,,,,,,,,,,,,,,,,,,,,,4.69,1.2,5.88,0.73,0.68,0.35,0.68,,1.13,0.77,0.61,0.81,,Selected,2.07,1.95,1.07,1,3,4,4,4,4,4,4,4,4,4,4,4,9,10,5,5,5,5,5,5,5,5,5,5,5,5,8,10,,,,,,,,,,,,,,,,,,,,,,,,,,,,
57,IC,AMP,Short,4,cohort1,25,23,23,299,20,2,20,20,40,301,29,2,29,20,49,300,25,0,25,18,43,299,24,4,24,20,44,301,21,5,21,21,42,303,21,2,21,9,30,304,21,2,21,6,27,306,21,3,21,4,25,309,22,6,22,7,29,308,18,2,18,5,23,311,21,2,21,13,34,313,15,0,15,1,16,316,17,1,17,4,21,319,16,1,16,4,20,327,20,3,20,16,36,327,0,0,0,0,0,315,21,4,21,5,26,19,8,,,,,,,,,13,6,6,6,6,3,0,2,1,1,1,0,0,0,3,3,0,1,3,0,0,0,0,2,0,0,0,0,,,,,,,,,,,,,,,,,,,,,,,,,,,,,19.44,13.6,2.19,0.54,0.82,0.18,0.51,,0.83,0.92,0.31,0.6,,Selected,3.02,4.58,1.07,1.62,13,19,25,31,37,40,40,42,43,44,45,45,45,45,3,6,6,7,10,10,10,10,10,12,12,12,12,12,,,,,,,,,,,,,,,,,,,,,,,,,,,,
59,IC,AMP,Short,4,cohort1,27,24,24,343,27,2,27,43,70,345,21,1,21,17,38,350,23,1,23,12,35,353,14,1,14,16,30,360,18,0,18,22,40,364,18,8,18,22,40,367,14,2,14,17,31,371,18,1,18,16,34,376,18,0,18,11,29,387,14,2,14,16,30,385,23,1,23,25,48,386,23,5,23,25,48,390,18,0,18,4,22,378,22,1,22,17,39,381,21,0,21,18,39,382,17,2,17,11,28,390,48,2,48,21,69,33,18,,,,,,,,,29,5,14,6,7,6,13,2,4,3,0,4,5,4,8,1,3,1,0,0,6,0,0,0,0,0,1,0,,,,,,,,,,,,,,,,,,,,,,,,,,,,,19.31,20.2,1.69,0.44,1.16,0.28,0.51,,0.69,1.31,0.48,0.61,,Selected,1.6,4.18,0.86,2.25,29,34,48,54,61,67,80,82,86,89,89,93,98,102,8,9,12,13,13,13,19,19,19,19,19,19,20,20,,,,,,,,,,,,,,,,,,,,,,,,,,,,
61,IC,SAL,Long,4,cohort1,29,31,27,364,18,13,18,44,62,367,8,8,8,16,24,370,13,6,13,17,30,370,13,4,13,6,19,365,8,0,8,1,9,373,15,6,15,3,18,377,4,1,4,0,4,375,17,8,17,5,22,381,14,6,14,7,21,384,10,3,10,1,11,385,1,4,1,1,2,386,22,8,22,10,32,384,0,0,0,0,0,380,7,6,7,7,14,381,5,0,5,1,6,384,6,4,6,3,9,383,11,1,11,3,14,5,1,,11,7,11,11,22,17,12,4,1,4,0,0,0,4,0,0,3,2,1,0,0,0,0,1,0,0,0,0,0,0,0,1,0,0,0,12,5,4,6,0,1,6,1,0,0,0,4,0,0,6,6,1,3,0,0,1,0,0,0,1,1,0,0,10.06,8,4.81,0.62,1.13,0.19,0.6,,0.95,1.27,0.33,0.71,,Selected,3.22,5.91,1.03,1.89,4,5,9,9,9,9,13,13,13,16,18,19,19,19,0,0,1,1,1,1,1,1,1,1,2,2,2,2,12,17,21,27,27,28,34,35,35,35,35,39,39,39,6,12,13,16,16,16,17,17,17,17,18,19,19,19
62,EC,AMP,Long,4,cohort1,30,8,4,312,28,14,28,121,149,311,22,13,22,29,51,315,18,2,18,7,25,318,20,3,20,10,30,318,21,5,21,6,27,322,19,8,19,14,33,322,18,4,18,19,37,326,16,5,16,11,27,320,15,6,15,8,23,323,15,4,15,6,21,333,16,4,16,2,18,334,15,9,15,10,25,333,17,11,17,8,25,334,16,2,16,1,17,343,17,3,17,17,34,348,21,4,21,8,29,354,27,7,27,13,40,18,8,,19,4,19,5,24,21,8,10,6,14,5,7,4,5,1,1,1,3,1,0,0,6,2,0,1,1,1,0,2,0,0,0,0,2,0,18,3,3,2,4,1,3,0,3,1,0,1,5,1,6,0,3,1,0,0,0,0,0,0,0,0,2,0,18.38,17.2,6.06,,,,,,,,,,,Selected,0,0,0,0,10,16,30,35,42,46,51,52,53,54,57,58,58,58,6,8,8,9,10,11,11,13,13,13,13,13,15,15,18,21,24,26,30,31,34,34,37,38,38,39,44,45,6,6,9,10,10,10,10,10,10,10,10,10,12,12
63,IC,SAL,Long,4,cohort1,31,32,28,309,7,5,7,10,17,312,17,1,17,7,24,314,15,1,15,7,22,319,10,5,10,6,16,323,16,3,16,8,24,328,13,4,13,2,15,332,11,4,11,2,13,333,5,1,5,0,5,331,6,3,6,0,6,338,4,1,4,0,4,336,4,5,4,3,7,342,10,4,10,4,14,347,9,7,9,6,15,348,8,7,8,3,11,348,9,1,9,5,14,348,1,0,1,0,1,345,7,0,7,1,8,8,6,,6,4,6,3,9,7,5,2,6,2,0,0,0,1,0,2,1,1,1,0,0,2,2,2,0,0,0,0,0,0,0,0,0,0,0,6,1,6,0,0,0,0,0,2,1,0,0,0,0,4,1,0,0,1,1,0,0,1,1,0,0,0,0,9.06,7.4,3.25,0.42,1.04,1.04,0.67,,0.65,1.18,1.8,0.79,,Selected,0.4,1,0.62,1.56,2,8,10,10,10,10,11,11,13,14,15,16,16,16,2,4,6,6,6,6,6,6,6,6,6,6,6,6,6,7,13,13,13,13,13,13,15,16,16,16,16,16,4,5,5,5,6,7,7,7,8,9,9,9,9,9
64,EC,SAL,Short,4,cohort1,32,16,15,297,17,13,17,48,65,304,4,3,4,2,6,307,4,0,4,3,7,309,1,0,1,1,2,313,2,2,2,2,4,317,5,2,5,2,7,325,1,1,1,0,1,326,1,3,1,3,4,325,0,3,0,0,0,334,0,0,0,0,0,331,2,3,2,1,3,334,1,0,1,0,1,337,1,0,1,0,1,325,0,0,0,0,0,331,0,0,0,0,0,340,0,0,0,0,0,343,0,0,0,0,0,2,1,,,,,,,,,2,0,0,0,0,0,0,0,0,0,0,0,0,0,1,0,0,0,0,0,0,0,0,0,0,0,0,0,,,,,,,,,,,,,,,,,,,,,,,,,,,,,2.44,0.4,1.88,0.48,1.13,0.66,0.71,,0.75,1.27,1.14,0.84,,Selected,0.73,1.71,0.68,1.59,2,2,2,2,2,2,2,2,2,2,2,2,2,2,1,1,1,1,1,1,1,1,1,1,1,1,1,1,,,,,,,,,,,,,,,,,,,,,,,,,,,,
66,EC,SAL,Short,1,cohort2,1,8,13,355,15,4,15,51,66,351,12,4,12,16,28,360,9,4,9,5,14,363,4,0,4,2,6,364,1,0,1,2,3,366,9,0,9,8,17,369,7,1,7,2,9,366,4,0,4,1,5,375,4,0,4,1,5,373,9,3,9,2,11,378,2,0,2,5,7,377,6,1,6,4,10,378,0,0,0,0,0,378,1,3,1,1,2,377,1,1,1,0,1,385,3,1,3,1,4,,5,2,5,1,6,3,1,,,,,,,,,3,0,0,0,1,0,0,0,0,3,1,0,0,1,1,0,0,0,0,0,0,0,0,0,0,2,0,0,,,,,,,,,,,,,,,,,,,,,,,,,,,,,5.44,2.2,1.38,0.75,1.07,0.75,1.02,,1.16,1.2,1.29,1.21,,Selected,1.01,1.43,0.73,1.04,3,3,3,3,4,4,4,4,4,7,8,8,8,9,1,1,1,1,1,1,1,1,1,1,1,3,3,3,,,,,,,,,,,,,,,,,,,,,,,,,,,,
67,IC,SAL,Short,1,cohort2,2,25,29,333,58,18,58,134,192,337,42,16,42,71,113,336,31,28,31,49,80,341,29,21,29,31,60,343,25,5,25,27,52,342,21,8,21,17,38,342,10,6,10,7,17,338,18,13,18,8,26,339,17,2,17,4,21,342,11,13,11,4,15,344,8,3,8,4,12,345,15,8,15,22,37,352,13,17,13,8,21,351,11,4,11,0,11,360,9,15,8,0,9,357,9,5,9,2,11,,14,5,14,10,24,9,5,,,,,,,,,7,2,9,0,0,3,0,1,5,1,1,3,0,1,4,0,2,0,0,0,0,0,0,0,0,4,0,0,,,,,,,,,,,,,,,,,,,,,,,,,,,,,20.44,11.4,11.38,0.41,1.05,0.7,0.91,,0.63,1.18,1.2,1.08,,Selected,,,,,7,9,18,18,18,21,21,22,27,28,29,32,32,33,4,4,6,6,6,6,6,6,6,6,6,10,10,10,,,,,,,,,,,,,,,,,,,,,,,,,,,,
68,EC,AMP,Short,1,cohort2,3,1,4,336,16,28,16,29,45,338,17,9,17,28,45,327,20,9,20,21,41,327,13,8,13,4,17,339,14,2,14,9,23,341,13,17,13,8,21,342,15,3,15,12,27,344,16,3,16,9,25,352,14,4,14,9,23,355,17,1,17,13,30,360,14,6,14,8,22,359,14,0,14,4,18,361,14,5,14,7,21,368,13,5,13,13,26,375,15,4,15,11,26,375,15,9,15,20,35,,12,5,12,6,18,10,2,,,,,,,,,10,0,3,4,0,3,2,0,0,0,3,1,0,2,0,2,3,0,0,0,0,0,0,0,2,0,0,0,,,,,,,,,,,,,,,,,,,,,,,,,,,,,15,14.2,7.06,0.77,1.03,0.76,1.19,,1.19,1.16,1.31,1.41,,Selected,1.01,1.35,0.65,0.87,10,10,13,17,17,20,22,22,22,22,25,26,26,28,0,2,5,5,5,5,5,5,5,5,7,7,7,7,,,,,,,,,,,,,,,,,,,,,,,,,,,,
69,IC,AMP,Long,1,cohort2,4,17,17,365,43,5,43,152,195,365,30,1,30,41,71,360,21,2,21,15,36,365,16,2,16,9,25,368,12,16,12,11,23,369,11,19,11,4,15,372,11,13,11,6,17,374,10,11,10,2,12,373,17,11,17,26,43,379,15,13,15,12,27,379,17,8,17,10,27,381,21,8,21,6,27,382,21,2,21,10,31,383,21,3,21,18,39,386,18,2,18,7,25,389,19,2,19,10,29,,35,19,35,27,62,33,9,,41,11,41,37,78,33,10,19,14,14,10,11,2,2,3,2,7,3,0,5,3,4,3,0,2,1,0,0,7,0,9,1,0,1,0,20,13,14,10,14,7,6,12,2,3,3,0,4,3,4,3,5,2,1,1,0,1,1,3,0,0,0,0,18.94,20,7.38,0.88,1.04,0.81,1.27,,1.36,1.17,1.39,1.5,,Selected,1.08,1.28,0.69,0.82,19,33,47,57,68,70,72,75,77,84,87,87,92,95,4,7,7,9,10,10,10,17,17,26,27,27,28,28,20,33,47,57,71,78,84,96,98,101,104,104,108,111,4,7,12,14,15,16,16,17,18,21,21,21,21,21
70,EC,AMP,Long,1,cohort2,5,2,1,367,105,5,105,885,990,360,83,2,83,543,626,363,35,6,35,45,80,357,25,2,25,23,48,361,17,9,17,7,24,363,29,3,29,17,46,367,22,0,22,19,41,371,22,2,22,9,31,379,23,8,23,4,27,374,19,6,19,12,31,378,8,0,8,4,12,381,22,2,22,18,40,386,18,3,18,4,22,386,16,6,16,9,25,395,10,7,10,3,13,396,1,3,1,2,3,,5,1,5,6,11,1,1,,21,0,21,11,32,6,3,1,0,0,0,0,0,0,0,2,0,2,3,3,1,0,0,1,0,0,0,0,0,0,0,1,0,0,0,5,1,5,5,3,6,1,0,2,0,0,2,6,2,2,0,0,1,0,0,0,0,0,0,0,0,0,0,28.44,13.4,4,0.91,0.99,0.93,1.23,,1.41,1.12,1.6,1.45,,Selected,0.98,1.07,0.74,0.81,1,1,1,1,1,1,1,1,3,3,5,8,11,12,0,0,1,1,1,1,1,1,1,1,2,2,2,2,5,6,11,16,19,25,26,26,28,28,28,30,36,38,2,2,2,3,3,3,3,3,3,3,3,3,3,3
71,IC,AMP,Short,1,cohort2,6,18,21,362,42,0,42,74,116,365,24,1,24,22,46,368,19,2,19,14,33,369,19,0,19,3,22,370,19,0,19,3,22,370,17,0,17,4,21,375,21,0,21,6,27,373,17,3,17,7,24,373,20,3,20,9,29,377,20,8,20,3,23,380,22,1,22,3,25,381,24,0,24,9,33,384,24,0,24,5,29,388,22,0,22,6,28,393,20,0,20,2,22,392,21,1,21,5,26,,30,8,30,5,35,15,10,,,,,,,,,11,4,8,2,9,0,2,2,3,0,0,2,6,1,9,1,1,0,1,0,0,0,0,0,0,2,4,0,,,,,,,,,,,,,,,,,,,,,,,,,,,,,21.94,22.2,1.19,0.73,1,0.55,0.95,,1.13,1.13,0.96,1.13,,Selected,1.32,1.81,0.77,1.05,11,15,23,25,34,34,36,38,41,41,41,43,49,50,9,10,11,11,12,12,12,12,12,12,12,14,18,18,,,,,,,,,,,,,,,,,,,,,,,,,,,,
72,EC,SAL,Long,1,cohort2,7,9,8,322,15,5,15,54,69,327,6,3,6,6,12,325,5,3,5,6,11,334,4,5,4,3,7,339,2,1,2,1,3,342,2,2,2,3,5,346,5,8,5,5,10,346,7,2,7,2,9,352,3,1,3,1,4,345,1,0,1,0,1,350,5,10,5,2,7,349,2,5,2,0,2,352,3,4,3,3,6,363,1,1,1,1,2,365,0,2,0,0,0,369,2,1,2,1,3,,11,4,11,3,14,5,0,,2,1,2,3,5,3,3,3,0,6,4,0,0,0,2,0,2,2,0,0,0,0,0,0,0,0,0,0,0,0,0,1,0,0,3,3,0,0,0,0,0,0,0,0,0,0,3,2,0,2,0,0,0,0,0,0,0,0,0,0,0,2,0,3.94,1.6,3.31,0.53,0.98,0.28,0.75,,0.82,1.1,0.49,0.89,,Selected,1.88,3.45,0.7,1.3,3,3,9,13,13,13,13,15,15,17,19,19,19,19,0,0,0,0,0,0,0,0,0,0,1,1,1,4,3,3,3,3,3,3,3,3,3,3,3,6,8,8,2,2,2,2,2,2,2,2,2,2,2,2,4,4
74,EC,SAL,Short,2,cohort2,9,10,14,433,3,12,3,10,13,440,3,1,3,5,8,443,1,0,1,2,3,451,0,0,0,0,0,456,0,0,0,0,0,433,2,5,2,1,3,436,2,0,2,3,5,441,0,0,0,0,0,437,0,0,0,0,0,434,0,0,0,0,0,435,0,0,0,0,0,441,1,1,1,1,2,445,0,0,0,0,0,446,0,2,0,0,0,457,0,1,0,0,0,458,0,0,0,0,0,,0,0,0,0,0,10,3,,,,,,,,,10,0,0,0,0,0,0,0,0,0,0,0,0,0,3,0,0,0,0,0,0,0,0,0,0,0,0,0,,,,,,,,,,,,,,,,,,,,,,,,,,,,,0.75,0.2,1.38,0.54,0.89,0.33,0.8,0.79,0.83,1.01,0.57,0.95,1.14,Selected,1.62,2.68,0.67,1.11,10,10,10,10,10,10,10,10,10,10,10,10,10,10,3,3,3,3,3,3,3,3,3,3,3,3,3,3,,,,,,,,,,,,,,,,,,,,,,,,,,,,
75,IC,SAL,Long,2,cohort2,10,27,25,361,37,8,37,71,108,364,43,26,43,48,91,367,37,11,37,46,83,361,28,9,28,40,68,364,19,6,19,33,52,364,24,12,24,20,44,366,15,16,15,14,29,370,7,7,7,0,7,371,16,4,16,5,21,369,13,2,13,13,26,373,18,9,18,7,25,375,19,20,19,12,31,375,9,6,9,11,20,381,12,3,12,9,21,380,7,0,7,4,11,382,7,2,7,3,10,,6,4,6,3,9,4,11,,20,8,20,9,29,12,27,3,2,3,2,2,0,0,1,0,0,0,0,0,0,5,3,5,0,0,1,1,0,0,0,0,0,0,0,12,0,6,4,12,5,1,0,0,0,0,1,0,0,17,1,2,0,10,1,0,0,0,0,1,3,0,0,19.44,10.8,8.81,0.87,1.28,0.22,0.9,0.68,1.35,1.45,0.38,1.06,0.99,Selected,3.96,5.82,0.98,1.43,3,5,8,10,12,12,12,13,13,13,13,13,13,13,5,8,13,13,13,14,15,15,15,15,15,15,15,15,12,12,18,22,34,39,40,40,40,40,40,41,41,41,17,18,20,20,30,31,31,31,31,31,32,35,35,35
76,EC,AMP,Short,2,cohort2,11,3,5,316,31,1,31,70,101,318,20,5,20,28,48,321,24,9,24,22,46,324,20,4,20,17,37,313,14,3,14,11,25,317,15,4,15,11,26,324,11,0,11,8,19,330,12,3,12,6,18,330,19,2,19,21,40,332,18,1,18,14,32,337,21,3,21,18,39,342,14,0,14,10,24,347,14,0,14,3,17,351,16,2,16,5,21,351,22,0,22,9,31,357,20,1,20,5,25,,8,0,8,2,10,7,1,,,,,,,,,5,2,3,1,6,0,0,0,0,0,0,0,0,0,1,0,0,0,0,0,0,0,0,0,0,0,0,0,,,,,,,,,,,,,,,,,,,,,,,,,,,,,18.19,17.2,2.38,0.66,1.15,0.19,0.94,0.81,1.02,1.3,0.33,1.11,1.17,Selected,3.48,6.11,0.7,1.23,5,7,10,11,17,17,17,17,17,17,17,17,17,17,1,1,1,1,1,1,1,1,1,1,1,1,1,1,,,,,,,,,,,,,,,,,,,,,,,,,,,,
77,IC,AMP,Long,2,cohort2,12,19,18,353,35,7,35,41,76,352,20,19,20,13,33,350,17,12,17,19,36,349,14,24,14,11,25,354,14,16,14,11,25,353,17,17,17,10,27,355,16,23,16,14,30,352,18,16,18,23,41,352,17,6,17,12,29,355,29,5,29,22,51,356,26,5,26,29,55,356,28,4,28,29,57,360,23,14,23,23,46,361,24,1,24,38,62,366,29,3,29,21,50,358,24,4,24,20,44,,21,12,21,17,38,36,19,,14,13,14,6,20,25,13,18,17,20,5,3,5,0,0,1,0,2,3,0,0,12,4,2,3,3,5,0,0,1,0,1,0,0,0,18,7,9,2,2,1,0,2,2,1,1,0,0,0,6,6,2,1,0,0,0,0,0,2,8,1,0,0,21.94,25.6,11,0.99,1.14,0.05,0.87,0.84,1.53,1.29,0.09,1.03,1.22,Not Selected,18.29,21.16,1.14,1.32,18,35,55,60,63,68,68,68,69,69,71,74,74,74,12,16,18,21,24,29,29,29,30,30,31,31,31,31,18,25,34,36,38,39,39,41,43,44,45,45,45,45,6,12,14,15,15,15,15,15,15,17,25,26,26,26
79,IC,AMP,Long,2,cohort2,14,20,19,359,35,7,35,54,89,354,27,6,27,25,52,353,19,3,19,11,30,355,20,0,20,8,28,354,27,2,27,8,35,356,22,3,22,6,28,356,27,1,27,12,39,347,13,6,13,8,21,352,23,4,23,3,26,357,14,6,14,5,19,357,19,6,19,6,25,352,26,6,26,8,34,358,21,9,21,12,33,361,23,6,23,6,29,365,22,8,22,5,27,367,23,6,23,4,27,,19,1,19,4,23,14,10,,51,4,51,49,100,28,29,2,12,5,3,0,1,3,6,0,2,1,0,2,0,5,4,0,0,0,0,0,1,0,1,0,0,0,0,13,15,10,21,12,9,3,27,10,4,0,3,0,1,5,1,4,1,12,0,0,0,10,0,0,0,0,0,22.56,23,4.94,0.7,1.25,0.15,0.86,0.9,1.08,1.4,0.26,1.02,1.31,Selected,4.61,8.27,0.81,1.45,2,14,19,22,22,23,26,32,32,34,35,35,37,37,5,9,9,9,9,9,9,10,10,11,11,11,11,11,13,28,38,59,71,80,83,110,120,124,124,127,127,128,5,6,10,11,23,23,23,23,33,33,33,33,33,33
80,EC,SAL,Long,2,cohort2,15,12,9,386,8,22,8,21,29,400,7,5,7,19,26,399,3,6,3,4,7,404,5,7,5,10,15,406,6,7,6,15,21,400,2,12,2,1,3,399,6,16,6,13,19,406,5,10,5,7,12,410,4,2,4,6,10,415,7,1,7,6,13,414,3,0,3,1,4,418,6,2,6,8,14,428,2,0,2,4,6,433,2,2,2,0,2,435,0,0,0,0,0,437,1,0,1,0,1,,0,0,0,0,0,2,0,,12,1,12,6,18,31,12,2,0,0,0,0,0,0,0,0,0,0,0,0,0,0,0,0,0,0,0,0,0,0,0,0,0,0,0,23,8,2,0,2,4,6,1,0,0,0,0,3,0,2,10,1,0,0,0,0,0,0,0,0,0,0,0,4.19,2.2,5.75,0.78,1.12,0.16,0.68,1,1.21,1.27,0.28,0.8,1.46,Selected,4.84,6.95,1.16,1.66,2,2,2,2,2,2,2,2,2,2,2,2,2,2,0,0,0,0,0,0,0,0,0,0,0,0,0,0,23,31,33,33,35,39,45,46,46,46,46,46,49,49,2,12,13,13,13,13,13,13,13,13,13,13,13,13
81,IC,AMP,Short,3,cohort2,16,21,22,300,33,31,33,51,84,297,26,23,26,19,45,297,25,27,25,21,46,302,21,6,21,13,34,304,17,12,17,19,36,305,22,4,22,18,40,309,19,4,19,13,32,306,20,5,20,8,28,307,22,3,22,25,47,312,25,3,25,8,33,314,23,2,23,12,35,313,26,0,26,9,35,317,22,0,22,11,33,320,22,1,22,4,26,322,26,1,26,10,36,326,25,2,25,2,27,,18,10,18,9,27,15,10,,,,,,,,,7,8,8,7,2,0,3,0,0,6,1,0,0,0,1,3,1,7,0,0,6,0,0,2,0,0,0,0,,,,,,,,,,,,,,,,,,,,,,,,,,,,,23.38,24.2,7.75,0.72,1.12,0.32,0.54,0.78,1.12,1.27,0.54,0.63,1.13,Selected,2.29,3.56,1.35,2.1,7,15,23,30,32,32,35,35,35,41,42,42,42,42,1,4,5,12,12,12,18,18,18,20,20,20,20,20,,,,,,,,,,,,,,,,,,,,,,,,,,,,
83,IC,AMP,Short,3,cohort2,18,22,23,322,42,2,42,47,89,323,33,3,33,26,59,327,33,4,33,41,74,325,27,6,27,19,46,325,26,10,26,18,44,327,29,11,29,37,66,328,25,6,25,24,49,331,23,3,23,22,45,334,22,3,22,19,41,337,21,5,21,10,31,337,21,9,21,13,34,341,23,0,23,22,45,344,22,2,22,17,39,346,23,6,23,28,51,347,19,3,19,23,42,348,19,1,19,24,43,,55,17,55,57,112,44,15,,,,,,,,,37,8,35,16,15,23,10,6,4,2,0,0,0,0,8,1,6,6,2,0,6,3,0,0,0,0,0,0,,,,,,,,,,,,,,,,,,,,,,,,,,,,,25.5,21.2,4.63,0.7,1.09,0.72,0.64,0.59,1.08,1.22,1.25,0.76,0.85,Selected,0.97,1.5,1.1,1.7,37,45,80,96,111,134,144,150,154,156,156,156,156,156,8,9,15,21,23,23,29,32,32,32,32,32,32,32,,,,,,,,,,,,,,,,,,,,,,,,,,,,
84,EC,SAL,Long,3,cohort2,19,13,10,344,9,3,9,37,46,343,7,0,7,11,18,348,7,5,7,7,14,350,7,1,7,2,9,344,3,0,3,6,9,349,5,2,5,2,7,349,3,1,3,3,6,352,4,0,4,0,4,353,2,0,2,0,2,356,3,1,3,2,5,361,3,1,3,2,5,361,1,0,1,1,2,368,2,0,2,2,4,373,2,0,2,1,3,373,1,0,1,1,2,374,2,2,2,0,2,,3,1,3,1,4,0,0,,5,6,5,1,6,11,13,0,0,1,3,0,0,0,0,0,0,0,0,0,0,0,0,0,1,0,0,0,0,0,0,0,0,0,0,11,0,0,0,0,0,0,0,0,0,0,5,1,0,12,0,0,0,0,0,0,0,0,0,0,5,0,2,3.81,1.6,1,0.88,1.39,0.9,0.88,0.87,1.37,1.57,1.55,1.05,1.26,Selected,0.98,1.55,1,1.58,0,0,1,4,4,4,4,4,4,4,4,4,4,4,0,0,0,1,1,1,1,1,1,1,1,1,1,1,11,11,11,11,11,11,11,11,11,11,11,16,17,17,12,12,12,12,12,12,12,12,12,12,12,17,17,19
85,IC,SAL,Long,3,cohort2,20,28,26,333,26,9,26,55,81,333,23,7,23,20,43,336,14,2,14,16,30,336,1,0,1,2,3,331,6,2,6,3,9,331,7,0,7,2,9,333,5,0,5,5,10,337,4,1,4,2,6,335,7,4,7,3,10,339,2,8,2,1,3,342,3,0,3,3,6,343,9,3,9,4,13,350,5,3,5,1,6,344,14,1,14,9,23,356,11,2,11,14,25,354,7,4,7,2,9,,10,1,10,2,12,20,2,,21,2,21,20,41,29,5,3,17,1,1,7,3,0,0,0,0,0,0,0,0,1,1,1,0,0,0,0,0,0,0,0,0,0,0,21,8,18,16,5,1,0,1,0,0,0,0,0,0,2,1,3,1,0,0,0,0,0,0,0,0,0,0,9,9.2,2.88,0.48,0.87,0.74,0.68,0.41,0.74,0.99,1.28,0.8,0.59,Selected,0.65,1.18,0.71,1.29,3,20,21,22,29,32,32,32,32,32,32,32,32,32,1,2,3,3,3,3,3,3,3,3,3,3,3,3,21,29,47,63,68,69,69,70,70,70,70,70,70,70,2,3,6,7,7,7,7,7,7,7,7,7,7,7
87,IC,SAL,Long,3,cohort2,22,29,27,328,54,27,54,68,122,330,24,3,24,22,46,331,15,12,15,11,26,333,11,12,11,2,13,336,4,3,4,1,5,340,4,3,4,3,7,339,0,0,0,0,0,339,6,3,6,3,9,341,7,1,7,1,8,342,4,2,4,0,4,342,10,4,10,2,12,342,7,2,7,3,10,352,8,2,8,2,10,353,7,2,7,1,8,354,9,2,9,1,10,357,3,0,3,1,4,,8,9,8,0,8,17,13,,29,1,29,21,50,12,12,15,2,2,2,0,1,0,0,0,0,0,1,1,1,9,0,7,1,0,0,0,0,0,0,0,3,1,1,9,2,12,5,2,3,14,0,0,4,7,4,0,0,5,2,2,0,0,1,3,0,0,0,0,0,0,0,10.81,6.8,4.88,0.7,1.07,0.76,0.79,0.48,1.08,1.2,1.3,0.94,0.69,Selected,0.92,1.41,0.88,1.35,15,17,19,21,21,22,22,22,22,22,22,23,24,25,9,9,16,17,17,17,17,17,17,17,17,20,21,22,9,11,23,28,30,33,47,47,47,51,58,62,62,62,5,7,9,9,9,10,13,13,13,13,13,13,13,13
88,EC,AMP,Long,3,cohort2,23,5,2,350,45,13,45,137,182,347,33,7,33,48,81,348,28,14,28,21,49,347,25,5,25,16,41,354,33,5,33,24,57,357,20,3,20,7,27,364,17,5,17,7,24,366,27,11,27,17,44,362,0,0,0,0,0,358,22,7,22,19,41,366,1,1,1,1,2,374,24,4,24,12,36,375,21,2,21,20,41,375,3,0,3,1,4,383,20,1,20,7,27,385,1,0,1,0,1,,5,0,5,0,5,3,1,,8,0,8,4,12,11,12,0,3,2,1,0,1,0,0,0,0,0,0,1,0,1,0,0,0,0,0,0,0,0,0,0,0,0,0,6,5,7,2,2,1,0,0,0,0,0,0,0,0,5,5,2,0,0,0,0,0,0,0,0,0,0,0,20,13.8,4.88,0.83,1.09,0.54,0.69,0.6,1.29,1.23,0.94,0.82,0.87,Selected,1.53,2,1.2,1.57,0,3,5,6,6,7,7,7,7,7,7,7,8,8,1,1,1,1,1,1,1,1,1,1,1,1,1,1,6,11,18,20,22,23,23,23,23,23,23,23,23,23,5,10,12,12,12,12,12,12,12,12,12,12,12,12
89,IC,AMP,Long,4,cohort2,24,23,20,365,29,16,29,28,57,365,21,14,21,21,42,370,18,5,18,10,28,371,14,5,14,4,18,374,16,3,16,4,20,373,15,3,15,3,18,367,14,3,14,1,15,366,17,3,17,3,20,370,16,2,16,7,23,371,17,0,17,6,23,375,16,0,16,5,21,379,23,2,23,14,37,379,20,2,20,10,30,384,17,4,17,4,21,388,21,3,21,8,29,393,22,5,22,6,28,,29,4,29,18,47,22,11,,27,6,27,28,55,19,17,13,9,7,1,7,13,6,2,1,0,4,1,4,1,5,2,2,2,4,0,0,0,0,0,0,0,0,0,14,5,16,4,14,2,3,0,4,6,3,3,0,0,8,0,5,0,2,5,0,0,0,3,0,0,0,0,18.5,20.6,4.38,0.91,1.33,0.36,0.94,0.61,1.41,1.49,0.62,1.11,0.88,Selected,2.52,3.68,0.97,1.41,13,22,29,30,37,50,56,58,59,59,63,64,68,69,5,7,9,11,15,15,15,15,15,15,15,15,15,15,14,19,35,39,53,55,58,58,62,68,71,74,74,74,8,8,13,13,15,20,20,20,20,23,23,23,23,23
91,IC,AMP,Short,4,cohort2,26,24,24,318,32,2,32,70,102,315,20,2,20,47,67,319,18,2,18,30,48,321,21,0,21,26,47,321,21,1,21,28,49,325,19,0,19,31,50,326,21,0,21,25,46,327,22,1,22,33,55,329,24,10,24,23,47,327,22,2,22,36,58,331,19,1,19,34,53,332,21,1,21,30,51,333,19,1,19,32,51,336,18,0,18,28,46,335,21,1,21,26,47,339,20,0,20,19,39,,43,5,43,67,110,47,11,,,,,,,,,33,15,46,14,11,8,0,12,1,7,4,4,2,0,1,3,1,6,1,0,3,0,0,0,0,1,0,0,,,,,,,,,,,,,,,,,,,,,,,,,,,,,21.13,19.8,1.5,0.89,1.13,0.47,0.56,1.23,1.37,1.27,0.82,0.66,1.78,Selected,1.87,2.38,1.58,2.02,33,48,94,108,119,127,127,139,140,147,151,155,157,157,1,4,5,11,12,12,15,15,15,15,15,16,16,16,,,,,,,,,,,,,,,,,,,,,,,,,,,,
93,IC,SAL,Long,4,cohort2,28,30,28,316,34,20,34,19,53,324,0,0,0,0,0,317,10,7,10,9,19,323,11,4,11,7,18,326,10,6,10,3,13,326,8,2,8,3,11,324,7,4,7,0,7,326,7,4,7,0,7,333,7,8,7,0,7,332,6,6,6,2,8,331,12,9,12,3,15,336,3,9,3,1,4,336,4,1,4,0,4,339,7,2,7,2,9,343,6,3,6,4,10,343,4,3,4,0,4,,2,4,2,0,2,12,5,,20,3,20,4,24,18,16,8,4,0,0,0,0,0,0,0,0,0,2,0,0,4,1,0,0,0,0,0,0,0,0,0,0,4,0,6,4,8,6,4,1,0,1,0,0,1,1,1,1,6,0,1,3,2,0,0,0,0,0,1,1,0,0,8.5,4.8,5.5,1.18,1.16,0.52,0.77,0.67,1.82,1.3,0.89,0.91,0.98,Selected,2.28,2.24,1.54,1.51,8,12,12,12,12,12,12,12,12,12,12,14,14,14,4,5,5,5,5,5,5,5,5,5,5,5,9,9,6,10,18,24,28,29,29,30,30,30,31,32,33,34,6,6,7,10,12,12,12,12,12,12,13,14,14,14
94,EC,SAL,Long,4,cohort2,29,16,12,335,18,10,18,38,56,339,4,1,4,15,19,339,0,0,0,0,0,330,2,1,2,3,5,336,3,1,3,1,4,343,1,2,1,5,6,344,3,1,3,2,5,347,2,0,2,3,5,354,6,3,6,7,13,359,1,0,1,0,1,354,10,5,10,10,20,358,1,0,1,0,1,366,2,0,2,0,2,370,0,0,0,0,0,366,2,0,2,0,2,371,7,3,7,3,10,,1,1,1,2,3,0,0,,6,11,6,7,13,17,11,0,0,0,0,0,0,0,0,0,0,0,0,0,3,0,0,0,0,0,0,0,0,0,0,0,0,0,1,12,5,0,0,7,0,1,3,0,2,0,0,0,0,6,2,0,0,8,0,0,0,1,1,1,1,0,2,3.88,2.4,1.69,0.84,0.92,0.4,0.57,0.43,1.3,1.04,0.69,0.68,0.62,Selected,2.09,2.3,1.47,1.62,0,0,0,0,0,0,0,0,0,0,0,0,0,3,0,0,0,0,0,0,0,0,0,0,0,0,0,1,12,17,17,17,24,24,25,28,28,30,30,30,30,30,6,8,8,8,16,16,16,16,17,18,19,20,20,22
95,IC,SAL,Short,4,cohort2,30,31,31,365,34,12,34,75,109,368,24,9,24,28,52,372,34,5,34,9,43,371,21,1,21,15,36,374,13,0,13,10,23,376,10,1,10,6,16,377,3,1,3,5,8,379,8,2,8,2,10,375,6,0,6,3,9,381,18,9,18,31,49,384,16,3,16,5,21,384,21,2,21,8,29,388,9,2,9,5,14,391,6,4,6,7,13,394,9,1,9,3,12,401,6,1,6,1,7,,4,0,4,4,8,17,3,,,,,,,,,12,5,8,0,0,0,0,0,0,0,0,0,0,0,1,2,0,0,0,0,0,0,0,0,0,0,0,0,,,,,,,,,,,,,,,,,,,,,,,,,,,,,14.88,10.2,3.31,0.97,1.17,0.67,0.97,0.44,1.49,1.32,1.16,1.15,0.63,Selected,1.44,1.75,1,1.21,12,17,25,25,25,25,25,25,25,25,25,25,25,25,1,3,3,3,3,3,3,3,3,3,3,3,3,3,,,,,,,,,,,,,,,,,,,,,,,,,,,,
96,EC,AMP,Long,4,cohort2,31,7,3,323,31,11,31,72,103,324,22,2,22,38,60,328,22,13,22,20,42,324,28,26,28,21,49,323,25,10,25,18,43,331,21,11,21,6,27,333,3,4,3,3,6,333,0,1,0,0,0,333,1,1,1,0,1,333,12,16,12,8,20,337,17,14,17,5,22,336,15,11,15,2,17,342,22,6,22,6,28,343,26,19,26,8,34,341,20,11,20,15,35,341,21,13,21,7,28,,4,9,4,0,4,5,0,,7,5,7,4,11,31,14,2,3,0,0,0,0,0,0,0,0,2,0,2,0,0,1,0,0,0,0,0,0,0,0,2,2,2,2,27,4,4,2,0,0,0,0,0,0,0,5,0,0,5,4,1,2,0,0,0,0,0,0,0,7,0,0,17.88,20.8,10.56,0.93,1.2,0.41,1.05,1.08,1.44,1.35,0.7,1.25,1.56,Selected,2.29,2.97,0.88,1.14,2,5,5,5,5,5,5,5,5,5,7,7,9,9,0,1,1,1,1,1,1,1,1,1,3,5,7,9,27,31,35,37,37,37,37,37,37,37,37,42,42,42,5,9,10,12,12,12,12,12,12,12,12,19,19,19
97,IC,AMP,Long,1,cohort3,1,17,17,287,43,1,43,43,86,284,28,3,28,26,54,279,28,1,28,14,42,272,27,2,27,17,44,275,22,8,22,10,32,280,23,1,23,8,31,284,24,0,24,4,28,285,21,0,21,9,30,286,26,2,26,7,33,286,26,3,26,13,39,292,27,4,27,16,43,296,27,5,27,14,41,296,31,1,31,8,39,299,25,0,25,6,31,301,34,2,34,10,44,306,30,0,30,12,42,,52,7,52,19,71,40,17,,65,13,65,45,110,35,21,25,15,18,11,6,9,4,2,1,6,2,5,5,2,5,5,5,5,0,0,1,0,1,0,0,0,2,0,22,13,22,15,14,10,3,8,6,13,5,8,4,2,6,5,5,5,0,7,0,2,2,0,2,0,0,0,27.63,29.4,2.06,0.95,1.02,0.33,1.03,0.76,1.47,1.15,0.56,1.22,1.09,Selected,2.92,3.12,0.93,0.99,25,40,58,69,75,84,88,90,91,97,99,104,109,111,5,10,15,20,20,20,21,21,22,22,22,22,24,24,22,35,57,72,86,96,99,107,113,126,131,139,143,145,6,11,16,21,21,28,28,30,32,32,34,34,34,34
98,EC,AMP,Short,1,cohort3,2,1,5,297,30,2,30,79,109,301,25,4,25,38,63,306,21,1,21,9,30,309,19,4,19,10,29,300,18,0,18,7,25,303,15,0,15,8,23,300,13,4,13,11,24,306,13,3,13,4,17,304,17,2,17,11,28,308,20,6,20,14,34,312,19,0,19,20,39,320,16,2,16,8,24,318,16,2,16,7,23,311,16,2,16,5,21,319,18,2,18,15,33,320,16,0,16,12,28,,28,5,28,13,41,18,5,,,,,,,,,16,2,9,6,0,6,7,0,3,2,3,3,2,0,3,1,3,0,0,0,0,0,0,1,0,0,2,0,,,,,,,,,,,,,,,,,,,,,,,,,,,,,18.25,16.4,2.13,0.93,1.31,0.5,1.33,0.83,1.44,1.48,0.87,1.58,1.21,Selected,1.85,2.6,0.7,0.98,16,18,27,33,33,39,46,46,49,51,54,57,59,59,3,4,7,7,7,7,7,7,7,8,8,8,10,10,,,,,,,,,,,,,,,,,,,,,,,,,,,,
99,IC,SAL,Short,1,cohort3,3,26,30,281,58,3,58,78,136,283,33,3,33,33,66,283,10,1,10,6,16,286,27,1,27,8,35,287,15,4,15,5,20,275,2,0,2,0,2,282,10,0,10,5,15,280,7,2,7,1,8,289,16,5,16,2,18,291,12,1,12,2,14,293,35,3,35,9,44,295,11,1,11,2,13,292,5,1,5,2,7,297,21,2,21,6,27,300,24,5,24,6,30,302,5,0,5,1,6,,5,1,5,6,11,7,3,,,,,,,,,6,2,0,0,0,4,6,0,0,0,0,0,0,0,3,0,0,0,0,0,1,0,0,0,0,0,0,0,,,,,,,,,,,,,,,,,,,,,,,,,,,,,18.19,13.2,2,0.5,0.81,0.14,0.55,0.43,0.78,0.91,0.23,0.65,0.62,Selected,3.71,5.96,0.91,1.46,6,8,8,8,8,12,18,18,18,18,18,18,18,18,3,3,3,3,3,3,4,4,4,4,4,4,4,4,,,,,,,,,,,,,,,,,,,,,,,,,,,,
101,IC,AMP,Short,1,cohort3,5,18,22,295,28,3,28,21,49,294,14,1,14,12,26,289,17,0,17,12,29,292,11,0,11,8,19,296,14,0,14,4,18,296,16,0,16,9,25,303,16,0,16,7,23,290,19,0,19,5,24,287,16,0,16,4,20,290,16,1,16,6,22,296,17,0,17,4,21,294,17,1,17,2,19,298,18,0,18,9,27,301,12,0,12,6,18,288,3,3,3,1,4,296,15,6,15,5,20,,24,4,24,14,38,8,5,,,,,,,,,1,7,9,8,0,2,5,5,1,0,3,3,0,2,0,2,2,3,0,1,0,0,0,0,0,1,0,0,,,,,,,,,,,,,,,,,,,,,,,,,,,,,15.56,13,0.94,1,1.08,0.64,0.8,0.3,1.55,1.22,1.11,0.95,0.43,Selected,1.56,1.68,1.25,1.35,1,8,17,25,25,27,32,37,38,38,41,44,44,46,0,2,4,7,7,8,8,8,8,8,8,9,9,9,,,,,,,,,,,,,,,,,,,,,,,,,,,,
102,EC,AMP,Long,1,cohort3,6,2,1,245,28,16,28,50,78,247,14,3,14,19,33,245,12,1,12,8,20,248,6,1,6,4,10,248,16,0,16,9,25,250,18,0,18,13,31,248,18,0,18,5,23,253,21,0,21,12,33,256,21,0,21,14,35,261,15,2,15,4,19,264,15,1,15,14,29,266,17,1,17,8,25,268,17,1,17,7,24,270,19,3,19,21,40,270,16,3,16,12,28,275,10,0,10,5,15,,10,1,10,7,17,5,0,,5,0,5,3,8,17,6,6,0,9,0,0,3,4,0,0,0,0,0,0,0,0,0,1,0,0,0,0,0,0,0,0,0,0,0,16,0,4,3,0,0,2,0,0,0,0,0,0,0,6,0,0,0,0,0,0,0,0,0,0,0,0,0,16.44,15.8,2,0.97,1.03,0.48,0.9,0.28,1.5,1.16,0.82,1.06,0.41,Selected,2.03,2.15,1.08,1.15,6,6,15,15,15,18,22,22,22,22,22,22,22,22,0,0,1,1,1,1,1,1,1,1,1,1,1,1,16,16,20,23,23,23,25,25,25,25,25,25,25,25,6,6,6,6,6,6,6,6,6,6,6,6,6,6
103,IC,SAL,Long,1,cohort3,7,27,26,302,50,13,50,97,147,306,19,12,19,24,43,307,30,15,30,28,58,312,20,5,20,35,55,308,19,17,19,9,28,311,15,10,15,17,32,314,11,8,11,5,16,314,11,0,11,3,14,313,5,9,5,2,7,322,9,11,9,7,16,326,19,5,19,6,25,330,5,3,5,3,8,331,11,7,11,3,14,332,19,3,19,12,31,337,11,6,11,5,16,337,7,3,7,5,12,,3,0,3,1,4,6,0,,3,6,3,0,3,10,0,4,2,0,0,0,0,0,2,0,1,0,1,0,0,0,0,0,0,0,0,0,0,0,0,0,0,0,0,8,2,0,0,0,0,0,0,1,2,0,0,0,0,0,0,2,0,0,0,0,0,0,4,0,0,0,0,16.31,10.6,7.94,0.66,0.86,0.42,0.78,0.16,1.01,0.97,0.73,0.93,0.23,Selected,1.55,2.03,0.84,1.09,4,6,6,6,6,6,6,8,8,9,9,10,10,10,0,0,0,0,0,0,0,0,0,0,0,0,0,0,8,10,10,10,10,10,10,10,11,13,13,13,13,13,0,0,2,2,2,2,2,2,2,6,6,6,6,6
104,EC,SAL,Long,1,cohort3,8,10,9,290,11,4,11,47,58,286,5,2,5,6,11,291,1,0,1,1,2,300,2,4,2,4,6,301,1,1,1,4,5,301,1,0,1,0,1,304,1,0,1,0,1,308,1,0,1,0,1,310,3,0,3,0,3,314,3,0,3,6,9,318,4,2,4,0,4,323,2,0,2,0,2,322,2,0,2,0,2,328,0,0,0,0,0,330,0,0,0,0,0,331,0,0,0,0,0,,2,1,2,1,3,2,5,,10,1,10,13,23,9,2,2,0,1,0,0,0,0,0,0,0,0,0,2,0,5,0,0,0,0,0,0,0,0,0,0,0,1,0,9,0,12,3,1,0,3,0,3,0,1,0,0,0,0,0,1,0,0,0,2,0,0,0,0,0,0,0,2.31,0.8,0.81,0.84,0.82,0.52,0.94,0.25,1.3,0.93,0.9,1.12,0.36,Selected,1.6,1.57,0.89,0.87,2,2,3,3,3,3,3,3,3,3,3,3,5,5,5,5,5,5,5,5,5,5,5,5,5,5,6,6,9,9,21,24,25,25,28,28,31,31,32,32,32,32,0,0,1,1,1,1,3,3,3,3,3,3,3,3
105,IC,AMP,Long,2,cohort3,9,19,18,325,17,6,17,24,41,325,9,2,9,2,11,312,3,1,3,1,4,311,4,3,4,1,5,314,10,1,10,2,12,318,13,0,13,4,17,320,9,2,9,1,10,320,11,2,11,4,15,322,10,2,10,3,13,326,9,6,9,11,20,325,10,5,10,7,17,331,13,2,13,9,22,331,12,1,12,4,16,331,13,3,13,8,21,331,12,3,12,5,17,333,11,0,11,3,14,,12,1,12,6,18,19,5,,,,,,,,,17,2,10,1,6,0,0,0,0,0,0,0,1,0,5,0,0,0,1,0,0,0,0,0,0,0,0,0,,,,,,,,,,,,,,,,,,,,,,,,,,,,,10.38,12.2,2.44,0.64,0.83,0.54,0.79,0.3,0.99,0.93,0.93,0.94,0.44,Not Selected,1.18,1.53,0.81,1.05,17,19,29,30,36,36,36,36,36,36,36,36,37,37,5,5,5,5,6,6,6,6,6,6,6,6,6,6,,,,,,,,,,,,,,,,,,,,,,,,,,,,
106,EC,AMP,Short,2,cohort3,10,3,6,264,39,11,39,140,179,265,27,8,27,69,96,262,20,14,20,28,48,268,20,13,20,24,44,269,42,18,42,7,49,268,17,6,17,4,21,265,20,6,20,8,28,267,18,4,18,12,30,272,18,4,18,13,31,275,18,4,18,10,28,273,21,5,21,7,28,277,20,7,20,10,30,277,18,8,18,13,31,279,20,2,20,9,29,277,18,7,18,6,24,285,20,3,20,6,26,,36,6,36,25,61,18,10,,,,,,,,,15,3,7,5,8,2,7,2,0,2,10,8,3,7,5,1,0,0,2,1,1,0,0,0,0,4,2,0,,,,,,,,,,,,,,,,,,,,,,,,,,,,,22.25,19.2,7.5,0.68,1.04,0.56,0.78,0.31,1.06,1.17,0.96,0.92,0.46,Selected,1.23,1.86,0.88,1.34,15,18,25,30,38,40,47,49,49,51,61,69,72,79,5,6,6,6,8,9,10,10,10,10,10,14,16,16,,,,,,,,,,,,,,,,,,,,,,,,,,,,
107,IC,SAL,Long,2,cohort3,11,28,27,280,35,30,35,66,101,281,21,25,21,28,49,271,7,3,7,7,14,271,18,1,18,22,40,276,11,8,11,6,17,274,8,5,8,10,18,278,13,16,13,5,18,278,21,10,21,16,37,281,24,28,24,12,36,283,23,14,23,29,52,289,21,8,21,11,32,289,21,11,21,5,26,293,14,7,14,10,24,299,7,1,7,0,7,300,17,6,17,11,28,298,9,16,9,1,10,,22,25,22,9,31,13,7,,9,3,9,7,16,23,12,9,4,6,0,4,11,3,1,1,2,3,0,0,0,1,3,0,0,0,7,2,0,2,0,16,1,0,0,11,11,13,1,0,1,0,0,2,0,0,0,0,0,8,2,2,1,0,1,0,1,0,0,0,0,0,0,16.88,13.6,11.81,0.77,1,0.64,0.79,0.25,1.19,1.13,1.1,0.94,0.36,Selected,1.21,1.57,0.97,1.27,9,13,19,19,23,34,37,38,39,41,44,44,44,44,1,4,4,4,4,11,13,13,15,15,31,32,32,32,11,22,35,36,36,37,37,37,39,39,39,39,39,39,8,10,12,13,13,14,14,15,15,15,15,15,15,15
108,EC,SAL,Long,2,cohort3,12,11,10,334,10,4,10,33,43,331,3,0,3,6,9,333,2,5,2,7,9,333,4,1,4,3,7,333,2,1,2,2,4,340,0,0,0,0,0,337,4,1,4,2,6,345,0,0,0,0,0,340,1,1,1,3,4,345,1,3,1,1,2,350,1,0,1,1,2,349,0,0,0,0,0,350,3,4,3,4,7,355,4,0,4,2,6,363,0,0,0,0,0,363,0,0,0,0,0,,6,3,6,11,17,0,0,,3,7,3,1,4,15,21,0,0,0,0,0,0,0,0,0,17,0,0,0,0,0,0,0,0,0,0,0,0,0,0,3,0,0,0,7,8,0,0,0,0,0,0,0,0,0,0,2,2,14,3,0,0,0,0,0,0,0,0,0,0,2,9,2.19,1.4,1.25,0.47,0.87,0.28,0.3,0.1,0.72,0.98,0.48,0.35,0.15,Selected,1.69,3.15,1.58,2.95,0,0,0,0,0,0,0,0,0,17,17,17,17,17,0,0,0,0,0,0,0,0,0,0,3,3,3,3,7,15,15,15,15,15,15,15,15,15,15,15,17,19,14,17,17,17,17,17,17,17,17,17,17,17,19,28
109,IC,AMP,Short,2,cohort3,13,20,23,311,19,15,19,41,60,308,17,11,17,21,38,308,16,5,16,16,32,313,17,4,17,14,31,305,15,13,15,13,28,308,16,2,16,16,32,312,19,2,19,19,38,314,18,7,18,13,31,311,19,3,19,10,29,316,16,6,16,16,32,315,15,3,15,12,27,315,17,1,17,7,24,314,17,7,17,8,25,321,18,1,18,8,26,320,17,7,17,3,20,319,17,3,17,9,26,,29,18,29,12,41,22,9,,,,,,,,,16,6,8,7,6,0,4,2,4,5,0,2,0,3,5,3,1,0,1,0,0,2,0,14,0,1,0,0,,,,,,,,,,,,,,,,,,,,,,,,,,,,,17.06,17.2,5.63,0.71,1.19,0.13,0.38,0.17,1.1,1.34,0.22,0.45,0.24,Selected,5.44,9.13,1.87,3.14,16,22,30,37,43,43,47,49,53,58,58,60,60,63,5,8,9,9,10,10,10,12,12,26,26,27,27,27,,,,,,,,,,,,,,,,,,,,,,,,,,,,
111,IC,SAL,Short,2,cohort3,15,29,31,344,57,5,57,49,106,350,33,9,33,47,80,350,28,27,28,14,42,349,27,31,27,6,33,354,16,5,16,8,24,351,13,17,13,3,16,352,10,12,10,10,20,353,17,15,17,28,45,355,11,7,11,0,11,356,16,16,16,4,20,357,13,12,13,6,19,361,12,4,12,16,28,365,16,6,16,11,27,363,15,2,15,1,16,368,4,3,4,2,6,367,15,3,15,0,15,,12,4,12,0,12,2,3,,,,,,,,,2,0,2,3,0,1,3,0,0,0,3,0,0,0,1,1,0,3,0,0,1,0,0,0,1,0,0,0,,,,,,,,,,,,,,,,,,,,,,,,,,,,,18.94,12.4,10.88,0.41,0.96,0.57,0.75,0.9,0.64,1.08,0.99,0.88,1.3,Selected,0.72,1.67,0.55,1.28,2,2,4,7,7,8,11,11,11,11,14,14,14,14,1,2,2,5,5,5,6,6,6,6,7,7,7,7,,,,,,,,,,,,,,,,,,,,,,,,,,,,
112,EC,SAL,Short,2,cohort3,16,12,14,276,10,23,10,25,35,273,2,7,2,6,8,259,1,1,1,1,2,270,5,5,5,5,10,278,1,1,1,1,2,279,0,1,0,0,0,276,0,0,0,0,0,281,1,2,1,0,1,286,0,0,0,0,0,287,0,0,0,0,0,292,0,0,0,0,0,294,0,0,0,0,0,295,3,1,3,1,4,304,2,0,2,1,3,302,0,0,0,0,0,306,0,0,0,0,0,,0,0,0,0,0,0,2,,,,,,,,,0,0,0,0,0,0,0,0,0,0,0,0,0,0,0,0,0,0,0,0,0,0,0,0,0,0,0,2,,,,,,,,,,,,,,,,,,,,,,,,,,,,,1.56,1,2.56,0.47,1.01,0.7,0.9,0.65,0.72,1.14,1.21,1.06,0.94,Selected,0.67,1.45,0.52,1.13,0,0,0,0,0,0,0,0,0,0,0,0,0,0,0,0,0,0,0,0,0,0,0,0,0,0,0,2,,,,,,,,,,,,,,,,,,,,,,,,,,,,
114,EC,SAL,Long,3,cohort3,18,13,11,330,8,5,8,14,22,338,1,5,1,1,2,340,3,0,3,0,3,340,4,0,4,3,7,336,1,1,1,0,1,343,2,0,2,2,4,345,0,1,0,0,0,343,2,0,2,1,3,340,2,3,2,0,2,348,2,1,2,2,4,352,0,0,0,0,0,347,2,1,2,1,3,355,0,3,0,0,0,358,0,0,0,0,0,356,0,0,0,0,0,365,0,3,0,0,0,,0,0,0,0,0,2,5,,22,21,22,7,29,5,40,2,0,0,0,0,0,0,0,0,0,0,0,0,0,5,0,0,0,0,0,0,0,0,0,0,0,0,0,4,1,4,5,4,5,3,1,1,3,0,3,0,0,15,7,9,11,5,2,9,0,0,0,2,1,0,0,1.69,0.4,1.44,0.56,0.94,0.57,0.98,0.73,0.86,1.06,0.99,1.16,1.05,Selected,0.97,1.64,0.57,0.96,2,2,2,2,2,2,2,2,2,2,2,2,2,2,5,5,5,5,5,5,5,5,5,5,5,5,5,5,4,5,9,14,18,23,26,27,28,31,31,34,34,34,15,22,31,42,47,49,58,58,58,58,60,61,61,61
115,IC,AMP,Long,3,cohort3,19,21,19,265,25,6,25,35,60,261,23,1,23,18,41,262,20,6,20,13,33,262,17,1,17,14,31,263,14,11,14,8,22,267,18,0,18,7,25,268,15,2,15,10,25,270,13,2,13,1,14,265,13,9,13,7,20,272,11,9,11,9,20,273,13,23,13,15,28,277,13,7,13,4,17,279,15,9,15,4,19,280,14,9,14,5,19,283,10,2,10,6,16,285,14,21,14,5,19,,18,6,18,5,23,28,13,,0,0,0,0,0,7,5,23,5,8,3,1,2,1,0,1,4,3,0,0,0,10,0,2,2,0,4,0,0,0,0,1,0,0,0,7,0,0,0,0,0,0,0,0,0,0,0,0,0,4,1,0,0,0,0,0,0,0,0,0,0,0,0,15.5,13.2,7.38,0.66,0.77,0.74,1.2,0.84,1.02,0.86,1.27,1.43,1.22,Selected,0.9,1.04,0.55,0.64,23,28,36,39,40,42,43,43,44,48,51,51,51,51,10,10,12,14,14,18,18,18,18,18,19,19,19,19,7,7,7,7,7,7,7,7,7,7,7,7,7,7,4,5,5,5,5,5,5,5,5,5,5,5,5,5
117,IC,SAL,Short,3,cohort3,21,31,32,374,52,14,52,47,99,370,29,7,29,13,42,371,26,19,26,9,35,377,15,28,15,5,20,380,10,3,10,1,11,380,8,3,8,2,10,392,1,1,1,0,1,382,2,3,2,0,2,385,0,13,0,0,0,394,11,2,11,2,13,390,10,2,10,1,11,397,7,4,7,2,9,400,4,4,4,1,5,403,5,2,5,0,5,413,5,2,5,5,10,412,5,1,5,0,5,,6,4,6,0,6,4,2,,,,,,,,,3,1,2,0,0,0,0,0,2,2,0,0,0,0,2,0,0,0,0,1,0,0,0,1,0,0,1,1,,,,,,,,,,,,,,,,,,,,,,,,,,,,,11.88,5.2,6.75,0.91,1.09,0.49,0.81,0.86,1.41,1.23,0.85,0.96,1.25,Selected,1.85,2.21,1.12,1.34,3,4,6,6,6,6,6,6,8,10,10,10,10,10,2,2,2,2,2,3,3,3,3,4,4,4,5,6,,,,,,,,,,,,,,,,,,,,,,,,,,,,
118,EC,SAL,Short,3,cohort3,22,14,15,334,9,1,9,25,34,333,3,2,3,2,5,335,1,1,1,1,2,337,1,2,1,1,2,340,0,4,0,0,0,337,0,4,0,0,0,332,1,0,1,0,1,337,1,0,1,0,1,338,1,2,1,1,2,342,1,0,1,1,2,343,1,1,1,1,2,344,2,2,2,2,4,354,0,0,0,0,0,353,0,0,0,0,0,353,2,0,2,3,5,355,0,0,0,0,0,,0,0,0,0,0,4,0,,,,,,,,,4,0,0,0,0,0,0,0,0,0,0,0,0,0,0,0,0,0,0,0,0,0,0,0,0,0,0,0,,,,,,,,,,,,,,,,,,,,,,,,,,,,,1.44,0.8,1.19,0.41,0.93,0.52,0.42,0.29,0.64,1.04,0.9,0.5,0.42,Selected,0.79,1.77,0.97,2.18,4,4,4,4,4,4,4,4,4,4,4,4,4,4,0,0,0,0,0,0,0,0,0,0,0,0,0,0,,,,,,,,,,,,,,,,,,,,,,,,,,,,
119,IC,AMP,Short,3,cohort3,23,22,24,325,40,9,40,47,87,326,27,6,27,20,47,328,21,6,21,10,31,335,22,7,22,9,31,340,24,0,24,11,35,321,19,1,19,4,23,327,19,2,19,5,24,330,20,5,20,11,31,333,20,6,20,17,37,340,19,7,19,19,38,339,21,2,21,20,41,341,21,4,21,25,46,341,24,7,24,27,51,350,23,1,23,19,42,348,23,3,23,16,39,351,22,6,22,16,38,,52,26,52,19,71,29,51,,,,,,,,,21,8,19,12,8,4,3,6,3,5,3,5,2,1,21,6,9,14,6,3,3,4,2,5,0,2,2,0,,,,,,,,,,,,,,,,,,,,,,,,,,,,,22.81,22.6,4.5,0.74,0.6,0.62,0.87,0.69,1.15,0.68,1.08,1.03,0.99,Selected,1.19,0.97,0.86,0.7,21,29,48,60,68,72,75,81,84,89,92,97,99,100,21,27,36,50,56,59,62,66,68,73,73,75,77,77,,,,,,,,,,,,,,,,,,,,,,,,,,,,
121,IC,SAL,Short,4,cohort3,25,32,33,275,34,25,34,44,78,275,2,4,2,5,7,271,8,15,8,7,15,271,6,9,6,1,7,275,5,11,5,5,10,278,7,9,7,7,14,283,9,8,9,8,17,281,4,1,4,3,7,290,3,1,3,2,5,290,5,14,5,5,10,295,12,15,12,13,25,300,4,6,4,4,8,297,3,4,3,1,4,305,3,5,3,0,3,306,2,5,2,0,2,307,4,6,4,2,6,,3,13,3,1,4,5,11,,,,,,,,,5,0,1,1,2,0,0,0,0,0,0,0,0,0,9,1,3,6,4,1,0,0,0,0,0,0,0,0,,,,,,,,,,,,,,,,,,,,,,,,,,,,,6.94,3.2,8.63,0.84,0.68,0.52,0.94,0.83,1.29,0.77,0.9,1.12,1.2,Selected,1.59,1.3,0.89,0.73,5,5,6,7,9,9,9,9,9,9,9,9,9,9,9,10,13,19,23,24,24,24,24,24,24,24,24,24,,,,,,,,,,,,,,,,,,,,,,,,,,,,
122,EC,SAL,Long,4,cohort3,26,15,12,326,29,13,29,66,95,330,3,5,3,3,6,318,2,1,2,5,7,329,8,2,8,8,16,326,4,3,4,5,9,337,4,5,4,4,8,333,3,7,3,2,5,338,2,0,2,3,5,344,1,1,1,1,2,350,1,2,1,0,1,347,3,3,3,1,4,353,0,0,0,0,0,358,0,0,0,0,0,361,9,0,9,5,14,363,0,0,0,0,0,369,0,0,0,0,0,,1,0,1,1,2,4,2,,25,13,25,12,37,21,2,3,1,0,2,0,0,0,0,0,0,0,0,0,0,2,0,0,0,0,0,0,0,0,0,0,0,0,0,19,2,4,2,1,12,1,5,2,0,4,0,5,1,1,1,8,0,0,0,3,0,0,0,1,0,1,0,4.31,1.8,2.63,0.33,0.93,0.22,0.53,0.29,0.51,1.04,0.39,0.62,0.42,Selected,1.46,4.12,0.62,1.76,3,4,4,6,6,6,6,6,6,6,6,6,6,6,2,2,2,2,2,2,2,2,2,2,2,2,2,2,19,21,25,27,28,40,41,46,48,48,52,52,57,58,1,2,10,10,10,10,13,13,13,13,14,14,15,15
123,IC,AMP,Long,4,cohort3,27,23,20,339,32,1,32,61,93,339,18,1,18,20,38,342,22,2,22,22,44,345,18,1,18,21,39,345,18,8,18,26,44,350,18,8,18,25,43,355,18,7,18,24,42,350,17,2,17,7,24,349,16,2,16,21,37,357,14,0,14,23,37,356,18,4,18,20,38,360,16,2,16,6,22,360,17,3,17,10,27,363,17,4,17,14,31,367,16,4,16,14,30,365,17,1,17,9,26,,48,23,48,38,86,30,4,,20,2,20,6,26,12,6,20,10,19,8,11,9,6,12,4,4,9,2,0,2,3,1,3,2,1,0,1,11,0,1,1,0,3,0,7,5,11,1,3,1,2,1,1,0,2,1,1,2,5,0,0,0,1,0,1,0,0,0,1,0,0,0,18.25,16.6,3.13,0.26,1.01,0.24,0.53,0.44,0.4,1.13,0.41,0.63,0.64,Selected,1.08,4.19,0.49,1.89,20,30,49,57,68,77,83,95,99,103,112,114,114,116,3,4,7,9,10,10,11,22,22,23,24,24,27,27,7,12,23,24,27,28,30,31,32,32,34,35,36,38,5,5,5,5,6,6,7,7,7,7,8,8,8,8
124,EC,AMP,Long,4,cohort3,28,7,3,312,45,12,45,126,171,314,38,6,38,67,105,316,29,17,29,50,79,317,31,6,31,29,60,328,34,6,34,31,65,321,8,8,2,5,13,326,35,17,35,48,83,324,17,2,17,24,41,326,33,19,33,32,65,330,35,4,35,28,63,332,35,15,35,17,52,335,28,18,28,19,47,336,33,12,33,46,79,335,10,1,10,4,14,337,33,13,33,28,61,343,1,0,1,1,2,,11,0,11,2,13,2,1,,10,1,10,5,15,15,1,1,1,5,1,2,1,3,1,0,0,0,0,0,0,0,0,0,0,0,1,0,0,0,0,0,0,0,0,10,5,0,0,7,4,0,0,4,0,0,0,0,0,0,1,0,0,0,0,1,0,0,0,0,0,0,0,27.81,21,9.75,0.61,0.89,0.69,0.93,1.02,0.95,1,1.2,1.1,1.48,Selected,0.88,1.28,0.66,0.96,1,2,7,8,10,11,14,15,15,15,15,15,15,15,0,0,0,0,0,1,1,1,1,1,1,1,1,1,10,15,15,15,22,26,26,26,30,30,30,30,30,30,0,1,1,1,1,1,2,2,2,2,2,2,2,2
126,EC,SAL,Short,4,cohort3,30,16,16,217,10,14,10,37,47,233,5,2,5,9,14,236,5,2,5,4,9,241,2,1,2,1,3,242,2,3,2,2,4,248,3,2,3,2,5,246,3,0,3,0,3,256,3,3,3,4,7,255,1,2,1,0,1,257,2,0,2,1,3,261,1,2,1,3,4,266,1,0,1,2,3,269,3,0,3,2,5,272,3,1,3,4,7,275,0,0,0,0,0,273,0,0,0,0,0,,0,0,0,0,0,1,0,,,,,,,,,1,0,0,0,0,0,0,0,0,0,0,0,0,0,0,0,0,0,0,0,0,0,0,0,0,0,0,0,,,,,,,,,,,,,,,,,,,,,,,,,,,,,2.75,1.4,2,0.46,0.87,0.61,1.02,0.86,0.7,0.98,1.05,1.21,1.25,Selected,0.75,1.44,0.45,0.86,1,1,1,1,1,1,1,1,1,1,1,1,1,1,0,0,0,0,0,0,0,0,0,0,0,0,0,0,,,,,,,,,,,,,,,,,,,,,,,,,,,,
127,IC,AMP,Short,4,cohort3,31,24,25,246,25,3,25,32,57,247,14,3,14,11,25,247,18,0,18,27,45,249,20,1,20,14,34,248,16,2,16,2,18,252,26,2,6,3,29,241,15,1,15,13,28,246,10,3,10,6,16,246,12,1,12,6,18,255,11,1,11,4,15,253,13,1,13,7,20,258,14,1,14,9,23,256,12,7,12,12,24,263,8,1,8,9,17,266,14,1,14,13,27,266,22,8,22,25,47,,12,3,12,8,20,16,2,,,,,,,,,11,5,9,1,1,0,0,0,0,6,3,0,0,0,1,0,1,1,0,0,0,0,0,0,0,2,0,0,,,,,,,,,,,,,,,,,,,,,,,,,,,,,15.63,14,2.25,0.37,0.96,0.49,0.84,0.6,0.57,1.08,0.84,1,0.87,Selected,0.76,1.98,0.44,1.14,11,16,25,26,27,27,27,27,27,33,36,36,36,36,1,1,2,3,3,3,3,3,3,3,3,5,5,5,,,,,,,,,,,,,,,,,,,,,,,,,,,,
129,IC,AMP,Long,5,cohort3,33,25,21,278,46,16,46,70,116,279,19,14,19,7,26,273,3,1,3,0,3,244,11,7,11,4,15,274,20,1,20,3,23,279,19,8,19,5,24,288,14,8,14,10,24,288,14,10,14,8,22,292,15,12,15,6,21,296,15,3,15,13,28,297,17,2,17,4,21,301,16,4,16,3,19,303,16,4,16,8,24,305,13,1,13,5,18,313,13,4,13,6,19,312,15,7,15,10,25,,5,12,5,7,12,14,9,,9,3,9,3,12,5,12,10,4,5,0,7,0,0,0,0,0,0,0,0,0,8,1,0,3,2,7,0,0,0,0,0,0,0,0,4,1,3,4,2,0,0,0,0,0,0,0,2,1,1,3,3,6,0,0,0,0,0,0,0,0,2,0,16.63,14.6,6.38,0.71,0.76,0.42,0.82,0.69,1.1,0.86,0.72,0.97,1,Selected,1.72,1.83,0.87,0.93,10,14,19,19,26,26,26,26,26,26,26,26,26,26,8,9,9,12,14,21,21,21,21,21,21,21,21,21,4,5,8,12,14,14,14,14,14,14,14,14,16,17,1,4,7,13,13,13,13,13,13,13,13,13,15,15
130,EC,SAL,Short,1,cohort3,4,9,13,325,6,2,6,17,23,334,4,6,4,1,5,338,6,4,6,3,9,341,4,7,4,1,5,338,0,4,0,0,0,345,1,0,1,1,2,350,4,6,4,2,6,350,11,8,11,3,14,351,9,9,9,2,11,360,8,14,8,2,10,354,2,0,2,2,4,356,1,0,1,2,3,357,,,,,,350,1,0,1,0,1,345,4,2,4,0,4,347,2,10,2,1,3,,17,5,17,12,29,0,1,,,,,,,,,0,0,5,4,0,1,3,3,3,0,3,2,3,2,0,0,0,0,0,3,1,0,0,1,0,1,0,0,,,,,,,,,,,,,,,,,,,,,,,,,,,,,,,,0.5,0.66,0.23,0.82,0.53,0.77,0.74,0.39,0.98,0.77,Selected,2.21,2.91,0.6,0.8,0,0,5,9,9,10,13,16,19,19,22,24,27,29,0,0,0,0,0,3,4,4,4,5,5,6,6,6,,,,,,,,,,,,,,,,,,,,,,,,,,,,
